id,close
ID_323Sn2,
ID_325SNW,
ID_325uzE,
ID_328qCx,
ID_3293uJ,
ID_329H37,
ID_32DnK8,
ID_32EeyA,
ID_32H6TE,
ID_32Hgdp,
ID_32KbB4,
ID_32KwLh,
ID_32NAZU,
ID_32NG9u,
ID_32QXZB,
ID_32RtNw,
ID_32SBbT,
ID_32TcJo,
ID_32US8U,
ID_32WsPF,
ID_32X2os,
ID_32Xyik,
ID_32bgoA,
ID_32bikm,
ID_32bpeN,
ID_32c8Zn,
ID_32d5fZ,
ID_32jaED,
ID_32kvcY,
ID_32mkpU,
ID_32mwC9,
ID_32mwwo,
ID_32nVpo,
ID_32nz3p,
ID_32qLEF,
ID_32rEqz,
ID_32sMQs,
ID_32sfVZ,
ID_32smMB,
ID_32tXtL,
ID_32u25Q,
ID_32uBYt,
ID_32uMYp,
ID_32vFvY,
ID_32vTy4,
ID_32vcUs,
ID_32wExS,
ID_32zfUL,
ID_332BDv,
ID_332yWf,
ID_333CCE,
ID_333sYS,
ID_334imr,
ID_335TWX,
ID_339paj,
ID_33A6dY,
ID_33BPhv,
ID_33DjjL,
ID_33EF4V,
ID_33FCfj,
ID_33FF28,
ID_33Gvss,
ID_33LbPQ,
ID_33NpPs,
ID_33NuA6,
ID_33VU2z,
ID_33VpGs,
ID_33Y9VK,
ID_33b6EH,
ID_33bbrz,
ID_33crLN,
ID_33fKqA,
ID_33fpRD,
ID_33ft29,
ID_33hXZG,
ID_33kRQ8,
ID_33oLY6,
ID_33pZww,
ID_33r6Hc,
ID_33sLsm,
ID_33tNvW,
ID_33uKBm,
ID_33umCa,
ID_33vXX5,
ID_33wapu,
ID_33x2hK,
ID_33zH7n,
ID_342RWF,
ID_343VGj,
ID_346Uah,
ID_347tWW,
ID_349aUY,
ID_34AAAY,
ID_34AybD,
ID_34BNbK,
ID_34DTZE,
ID_34DhKJ,
ID_34Hvnz,
ID_34J7HK,
ID_34Ke3A,
ID_34QTg4,
ID_34StgT,
ID_34UF4v,
ID_34W6Qv,
ID_34Xbdg,
ID_34Z5ho,
ID_34dh7R,
ID_34dncV,
ID_34eWTp,
ID_34gP63,
ID_34grNw,
ID_34hqFx,
ID_34kPkr,
ID_34sDhx,
ID_34uee6,
ID_34wwLJ,
ID_34xJTi,
ID_34yHJn,
ID_34zbjR,
ID_34zhXV,
ID_352Tyn,
ID_354fop,
ID_357Ddk,
ID_358DHW,
ID_358atp,
ID_35AF6g,
ID_35AjJh,
ID_35Atjo,
ID_35E6V6,
ID_35EcCB,
ID_35G5hy,
ID_35J4j5,
ID_35KouZ,
ID_35Lddt,
ID_35Lr6w,
ID_35N6Bp,
ID_35Nunz,
ID_35Nws4,
ID_35W3pV,
ID_35bpiU,
ID_35dcz6,
ID_35ecAU,
ID_35evKT,
ID_35hQAd,
ID_35i3pY,
ID_35mGMc,
ID_35nVSX,
ID_35orCd,
ID_35q27F,
ID_35r94r,
ID_35rrTJ,
ID_35snXj,
ID_35tMnA,
ID_35tm2V,
ID_35uYRm,
ID_35v7vu,
ID_35vcF5,
ID_35vzi7,
ID_35xDeg,
ID_35xHJt,
ID_35xKDQ,
ID_362HSj,
ID_363xyg,
ID_364duh,
ID_3666ue,
ID_369eAJ,
ID_36Ad5H,
ID_36BaqB,
ID_36Dp6c,
ID_36EHiL,
ID_36Em6y,
ID_36FxXg,
ID_36GJ2S,
ID_36KY5P,
ID_36Lmo8,
ID_36MXuR,
ID_36PDJ2,
ID_36Qp5t,
ID_36SQnM,
ID_36Sbc8,
ID_36U4Wh,
ID_36U7hw,
ID_36Uj3a,
ID_36VKJx,
ID_36VkVG,
ID_36Vqkc,
ID_36VsCN,
ID_36Wbz8,
ID_36XdVf,
ID_36Ytbm,
ID_36a3hA,
ID_36a7ZU,
ID_36bY7L,
ID_36cA3R,
ID_36eEdX,
ID_36hqP3,
ID_36hvZX,
ID_36iA84,
ID_36iPGt,
ID_36jCBk,
ID_36jXuQ,
ID_36jrqc,
ID_36kPXq,
ID_36kYF8,
ID_36kcFq,
ID_36mBbF,
ID_36n9Dm,
ID_36nERT,
ID_36nWVi,
ID_36noRn,
ID_36oS7S,
ID_36oxVv,
ID_36pbUS,
ID_36r3SD,
ID_36rDUG,
ID_36s3RH,
ID_36s7Uh,
ID_36uVHy,
ID_36y7TC,
ID_36ziZF,
ID_3734bx,
ID_3735Qq,
ID_373EgJ,
ID_375ypQ,
ID_376EQn,
ID_379LXY,
ID_37Ai8w,
ID_37B4Em,
ID_37Bdk7,
ID_37Bip4,
ID_37EkpJ,
ID_37EnRM,
ID_37GisM,
ID_37GpdS,
ID_37Kxen,
ID_37MPW2,
ID_37MwE2,
ID_37RSQA,
ID_37RYm2,
ID_37SPxJ,
ID_37Tuxs,
ID_37Xtzo,
ID_37YceQ,
ID_37ZxN4,
ID_37btMV,
ID_37cf8r,
ID_37djGP,
ID_37dsiR,
ID_37egks,
ID_37f4hF,
ID_37fhsZ,
ID_37fojY,
ID_37gUJm,
ID_37gckr,
ID_37hGfm,
ID_37iq2r,
ID_37jhFF,
ID_37pfK9,
ID_37pohh,
ID_37qRJZ,
ID_37qmAj,
ID_37tcX5,
ID_37uspV,
ID_382Fk9,
ID_383BDS,
ID_383By6,
ID_385Q3L,
ID_38AFdn,
ID_38Ba5R,
ID_38CBU4,
ID_38Da8p,
ID_38ESeN,
ID_38EWiH,
ID_38F6vw,
ID_38Fidz,
ID_38Fz7B,
ID_38HWzL,
ID_38JcYU,
ID_38LLFD,
ID_38LNS8,
ID_38QVvj,
ID_38SM3H,
ID_38UjD5,
ID_38VzbD,
ID_38Ya9H,
ID_38bsE5,
ID_38cwzQ,
ID_38dw2E,
ID_38g38u,
ID_38hGrt,
ID_38iSiZ,
ID_38inSx,
ID_38nkGa,
ID_38oKD6,
ID_38ogCA,
ID_38psdE,
ID_38qJxc,
ID_38qnY7,
ID_38rXYJ,
ID_38sG2h,
ID_38sQdr,
ID_38w8mz,
ID_38xSxy,
ID_38yvjE,
ID_38zEuK,
ID_38zRbi,
ID_3946sm,
ID_396o4w,
ID_397gNk,
ID_398a8B,
ID_39B3ZA,
ID_39BNXp,
ID_39DcaQ,
ID_39JsPx,
ID_39KxQL,
ID_39MVFE,
ID_39N87F,
ID_39P6RZ,
ID_39PMnk,
ID_39VP9X,
ID_39XGKq,
ID_39XnyF,
ID_39YtM4,
ID_39cbtr,
ID_39csHQ,
ID_39czvp,
ID_39dDrt,
ID_39dFxE,
ID_39eJxL,
ID_39fCZa,
ID_39iKKd,
ID_39iQ5g,
ID_39idV7,
ID_39k8gk,
ID_39n33Q,
ID_39nccq,
ID_39oU22,
ID_39pDKr,
ID_39qWui,
ID_39s2jS,
ID_39sr3q,
ID_39tNks,
ID_39w9j5,
ID_39wCPt,
ID_39wU4s,
ID_39yNNN,
ID_39yZYN,
ID_3A39Rs,
ID_3A3pU4,
ID_3A3vzr,
ID_3A4wZZ,
ID_3A92KH,
ID_3A93x9,
ID_3AABZj,
ID_3AC97o,
ID_3ADVWv,
ID_3AEam8,
ID_3AF3cw,
ID_3AFdMz,
ID_3AGfMD,
ID_3AKjBm,
ID_3APXXc,
ID_3ASAKi,
ID_3ATAS6,
ID_3AVBP9,
ID_3AZhnK,
ID_3AZs8x,
ID_3AaW5a,
ID_3Aaq94,
ID_3AbEA8,
ID_3AciyT,
ID_3AdKbE,
ID_3AhLSw,
ID_3Ahgk3,
ID_3Ai55p,
ID_3AjwdN,
ID_3AkRkr,
ID_3AkSnL,
ID_3AknTG,
ID_3AnTAW,
ID_3AnZQK,
ID_3AqRzV,
ID_3AtjVm,
ID_3AuuBb,
ID_3Av9QU,
ID_3AxFrF,
ID_3AxZrC,
ID_3AyHuK,
ID_3AytVM,
ID_3AzqzU,
ID_3Azyc4,
ID_3B25U3,
ID_3B3AXg,
ID_3B4w6Z,
ID_3B57n8,
ID_3B7R4U,
ID_3B7Yt7,
ID_3B9AXn,
ID_3BDDiW,
ID_3BETgx,
ID_3BFWhi,
ID_3BGQ4H,
ID_3BGdui,
ID_3BGmbt,
ID_3BGwGf,
ID_3BJiLd,
ID_3BKG5D,
ID_3BKwpq,
ID_3BL4DR,
ID_3BLbEA,
ID_3BLxCW,
ID_3BMVb2,
ID_3BNDTY,
ID_3BRZop,
ID_3BT8uU,
ID_3BUkA4,
ID_3BVUxo,
ID_3BY6rz,
ID_3BYC5u,
ID_3BYttV,
ID_3BaaZ5,
ID_3Bbq7v,
ID_3Bbrrv,
ID_3Be42F,
ID_3BeSuQ,
ID_3Behkr,
ID_3BffTb,
ID_3BhpLx,
ID_3BiVKz,
ID_3BnfhD,
ID_3Bp8WX,
ID_3BpTJ2,
ID_3Bphtr,
ID_3Bpo9m,
ID_3BqfXt,
ID_3Bskun,
ID_3Bw9gd,
ID_3BziLD,
ID_3BznYH,
ID_3C2TV2,
ID_3C4w9j,
ID_3C8GqV,
ID_3C8Ubp,
ID_3CBGnq,
ID_3CDJU9,
ID_3CF594,
ID_3CJeDt,
ID_3CKdQ6,
ID_3CKvXo,
ID_3CLt9T,
ID_3CNHaU,
ID_3CPcEA,
ID_3CQCKA,
ID_3CTJAh,
ID_3CTdcT,
ID_3CV3Hr,
ID_3CW7dJ,
ID_3CXTSi,
ID_3CXnFx,
ID_3CaCT7,
ID_3Cc5Hz,
ID_3CcBXH,
ID_3CcZgw,
ID_3Cd7wt,
ID_3Cdick,
ID_3Ce2i4,
ID_3Cetb9,
ID_3CfxXD,
ID_3Cmy5u,
ID_3CoeWu,
ID_3CpMiV,
ID_3Ct7Cb,
ID_3Cuz5e,
ID_3CvPrb,
ID_3CvZNz,
ID_3CyStY,
ID_3CyaCL,
ID_3Cyuhv,
ID_3D4qUS,
ID_3D5BSu,
ID_3D5WVQ,
ID_3D8gho,
ID_3D9HCE,
ID_3DAXs5,
ID_3DCiWT,
ID_3DDQgy,
ID_3DEdzq,
ID_3DEegi,
ID_3DGmqh,
ID_3DH8Bg,
ID_3DJE3H,
ID_3DJYd8,
ID_3DQj7U,
ID_3DRSq8,
ID_3DSFX9,
ID_3DWSdx,
ID_3DXU94,
ID_3DYH2S,
ID_3DYkH2,
ID_3DfBs5,
ID_3DfxRA,
ID_3DgqF5,
ID_3DhWfs,
ID_3DiUTs,
ID_3DiYmo,
ID_3DiuQk,
ID_3DiwBz,
ID_3DkMpG,
ID_3Dm3D7,
ID_3Dmcqk,
ID_3Dndf8,
ID_3DpDTC,
ID_3DqYbU,
ID_3DvZPq,
ID_3DxWxD,
ID_3E6aRh,
ID_3E7VKE,
ID_3E9QC9,
ID_3EChXb,
ID_3EJ8Qf,
ID_3EJmjx,
ID_3EKV8u,
ID_3EKoPY,
ID_3ENdNu,
ID_3EP3LV,
ID_3EQSXT,
ID_3EQhxL,
ID_3ERV9m,
ID_3ESLHA,
ID_3EVTn7,
ID_3EVcNn,
ID_3EW3uP,
ID_3EY2GS,
ID_3EZavE,
ID_3EZgC2,
ID_3EaaHu,
ID_3EdCXJ,
ID_3Edywe,
ID_3Ee4Ef,
ID_3Ee67P,
ID_3EhoMk,
ID_3EiHLH,
ID_3Ek8Aw,
ID_3EmhA8,
ID_3EpvkX,
ID_3Et9q3,
ID_3EtTat,
ID_3EvHuG,
ID_3Eww27,
ID_3EzvTt,
ID_3F5nrF,
ID_3F6cJC,
ID_3F7mZk,
ID_3F8XEH,
ID_3F9m35,
ID_3FCeom,
ID_3FCzcC,
ID_3FEBC8,
ID_3FFMXh,
ID_3FL5Ka,
ID_3FLVJC,
ID_3FMMPN,
ID_3FNsmk,
ID_3FQHNC,
ID_3FU8AX,
ID_3FUGh5,
ID_3FUg8s,
ID_3FZDpP,
ID_3FZRGe,
ID_3FbWcC,
ID_3FcVNE,
ID_3FjToQ,
ID_3Fk67r,
ID_3FkKcu,
ID_3FkUck,
ID_3FkVyX,
ID_3FkkWx,
ID_3FkvGQ,
ID_3FpByU,
ID_3FsT7W,
ID_3Fw4eN,
ID_3FyjVr,
ID_3G3kuR,
ID_3G6Kqn,
ID_3G6nPM,
ID_3G6qRq,
ID_3G7VLv,
ID_3G8m7d,
ID_3GB6K5,
ID_3GFQu4,
ID_3GFfrT,
ID_3GJZu7,
ID_3GK6JZ,
ID_3GKBB7,
ID_3GKmCF,
ID_3GLji3,
ID_3GLvBu,
ID_3GNMm4,
ID_3GNWn6,
ID_3GNgMx,
ID_3GPopv,
ID_3GQ9Xa,
ID_3GQFeX,
ID_3GTVLy,
ID_3GUqaW,
ID_3GVMCu,
ID_3GYimf,
ID_3GZeTb,
ID_3GaAc6,
ID_3GbwSc,
ID_3GbzGX,
ID_3GcWRY,
ID_3GfCcg,
ID_3GgzHW,
ID_3GhU7d,
ID_3GkVfb,
ID_3Gm6KY,
ID_3GnvNz,
ID_3Gnwpf,
ID_3GqKDh,
ID_3GvPVH,
ID_3Gw5wU,
ID_3GwJVV,
ID_3Gywm4,
ID_3Gz6ab,
ID_3Gz96f,
ID_3H2n3c,
ID_3H5e85,
ID_3H7VPg,
ID_3H8Aky,
ID_3HABEo,
ID_3HAGNz,
ID_3HAyed,
ID_3HBxHn,
ID_3HD4ZQ,
ID_3HD7FH,
ID_3HGNJN,
ID_3HL9vC,
ID_3HP7vA,
ID_3HQdXX,
ID_3HUeb2,
ID_3HV3iE,
ID_3HX4Jz,
ID_3HXNPx,
ID_3HYUCh,
ID_3HYr3q,
ID_3HYuMz,
ID_3HcjWq,
ID_3HdanZ,
ID_3HeQuJ,
ID_3HfHz6,
ID_3HgABL,
ID_3HgSCm,
ID_3HmX67,
ID_3Hnyp8,
ID_3HsFJK,
ID_3HsJBj,
ID_3HtAEn,
ID_3HtiNT,
ID_3Hu3pv,
ID_3HuDPp,
ID_3Hvswg,
ID_3HvxD3,
ID_3HwHdV,
ID_3HwLh8,
ID_3Hwd7p,
ID_3HwjmF,
ID_3HwvXL,
ID_3HyL8d,
ID_3Hzbbm,
ID_3J4Hbb,
ID_3J4u2X,
ID_3J6fqi,
ID_3J6nYR,
ID_3J7DCN,
ID_3J9Btn,
ID_3J9i8o,
ID_3JA2cr,
ID_3JA7FR,
ID_3JBPJy,
ID_3JEDTH,
ID_3JEHgo,
ID_3JEcSG,
ID_3JEwtT,
ID_3JFZEt,
ID_3JGFa8,
ID_3JGaNz,
ID_3JJwpW,
ID_3JLJ5U,
ID_3JLjEj,
ID_3JPUsT,
ID_3JQQHx,
ID_3JQuLh,
ID_3JSbry,
ID_3JUhZE,
ID_3JUjci,
ID_3JWrLn,
ID_3JYtX8,
ID_3JZ9pX,
ID_3Jax7E,
ID_3Jb45k,
ID_3JbxKp,
ID_3JdoZe,
ID_3JgVy4,
ID_3JkTrQ,
ID_3JoJ5s,
ID_3JoZj7,
ID_3JpNmK,
ID_3Jq4aH,
ID_3JsxTL,
ID_3JtQS3,
ID_3JtyeY,
ID_3JuNgv,
ID_3JvMve,
ID_3K5tip,
ID_3K63Y9,
ID_3KBYiP,
ID_3KCnBa,
ID_3KEUnG,
ID_3KFvkN,
ID_3KHXxz,
ID_3KJqYm,
ID_3KJzhP,
ID_3KKyEM,
ID_3KLT2u,
ID_3KLmVQ,
ID_3KP6Ki,
ID_3KQZym,
ID_3KSPqz,
ID_3KU5eR,
ID_3KU65g,
ID_3KUMrE,
ID_3KVDC8,
ID_3KVzLe,
ID_3KXNNo,
ID_3KYgSj,
ID_3KZyhC,
ID_3Ki4mz,
ID_3Ki5Wb,
ID_3KiXGk,
ID_3KkcgG,
ID_3KmbDs,
ID_3KngMR,
ID_3Kq6as,
ID_3KrYMv,
ID_3KsfDj,
ID_3KtYH6,
ID_3KtpMe,
ID_3Kvx5q,
ID_3KxCWB,
ID_3Kzmnd,
ID_3L2pLH,
ID_3L4f3o,
ID_3L4jSh,
ID_3L5JUh,
ID_3L5wbP,
ID_3L6aNo,
ID_3L8Yx3,
ID_3L9wuX,
ID_3LAvTm,
ID_3LBCPT,
ID_3LBip5,
ID_3LDpp8,
ID_3LEFVo,
ID_3LEXnk,
ID_3LGKbk,
ID_3LHzPw,
ID_3LK9wH,
ID_3LKARA,
ID_3LKgMv,
ID_3LLFSC,
ID_3LMPLn,
ID_3LSsLu,
ID_3LTdAx,
ID_3LTusj,
ID_3LUWaN,
ID_3LUmju,
ID_3LWU9e,
ID_3LXeSb,
ID_3Lb59t,
ID_3Lbk2s,
ID_3Lbzte,
ID_3LeSZQ,
ID_3Lf53h,
ID_3LjUoq,
ID_3LkDLJ,
ID_3LmhBw,
ID_3Ln688,
ID_3Lo8Kj,
ID_3LpEJ6,
ID_3LpUvR,
ID_3LptkX,
ID_3LqjAV,
ID_3Lshx7,
ID_3LujdJ,
ID_3Lv7rw,
ID_3LzKJW,
ID_3Lzg6L,
ID_3M27CL,
ID_3M2DEL,
ID_3M3E6Q,
ID_3M8VAp,
ID_3M9Z9z,
ID_3MAQ24,
ID_3MB6qt,
ID_3MBGcp,
ID_3MDsA5,
ID_3MEGEm,
ID_3MGEbo,
ID_3MLmBz,
ID_3MLvZW,
ID_3MPYQX,
ID_3MPfcK,
ID_3MT7Nq,
ID_3MTykN,
ID_3MVgo7,
ID_3MWKCV,
ID_3MWZYR,
ID_3MY4zQ,
ID_3MYRay,
ID_3MZ6jK,
ID_3MZPaE,
ID_3MZkT4,
ID_3Ma36m,
ID_3Mdzsh,
ID_3Me4Pg,
ID_3MfV3X,
ID_3MgUZF,
ID_3MjLWM,
ID_3MjWGq,
ID_3Mjk4G,
ID_3Mjzhy,
ID_3MmMXf,
ID_3MmQH5,
ID_3Mmqfd,
ID_3Mmrqq,
ID_3MoRGv,
ID_3MovSG,
ID_3Mr2V2,
ID_3MssR4,
ID_3MtqmT,
ID_3Mufne,
ID_3MwyM4,
ID_3MxyZW,
ID_3MyAGr,
ID_3N2Cbu,
ID_3N2Qtn,
ID_3N3nTc,
ID_3N4L2w,
ID_3N4avZ,
ID_3N4m9k,
ID_3N7sK3,
ID_3N87HS,
ID_3N9d6a,
ID_3NAKWj,
ID_3NAueS,
ID_3NBLmw,
ID_3NG85L,
ID_3NGAAn,
ID_3NHCUE,
ID_3NKggK,
ID_3NMBua,
ID_3NMZxZ,
ID_3NMtrB,
ID_3NP8YL,
ID_3NRyed,
ID_3NSD4Y,
ID_3NVadH,
ID_3NW4X9,
ID_3NWBqP,
ID_3NXDky,
ID_3NXwUu,
ID_3NYGXB,
ID_3Nbyn6,
ID_3NcwTz,
ID_3NdXsH,
ID_3NdeiV,
ID_3NfiwE,
ID_3Nj7sU,
ID_3NmgZC,
ID_3NmtiJ,
ID_3NnPQa,
ID_3NnfRT,
ID_3NoTyX,
ID_3NpHXA,
ID_3Nq7xf,
ID_3NrGQT,
ID_3NtJGa,
ID_3NwVWz,
ID_3Nwo7z,
ID_3NxsMJ,
ID_3NysFe,
ID_3NzE3L,
ID_3P2qjL,
ID_3P3wZT,
ID_3P4Nvb,
ID_3P4hyL,
ID_3P5Bfb,
ID_3P66qP,
ID_3P7fCA,
ID_3P9SZv,
ID_3PANMD,
ID_3PBfXq,
ID_3PCWb8,
ID_3PCd5u,
ID_3PDRWK,
ID_3PEcp2,
ID_3PFh2v,
ID_3PFiBj,
ID_3PHNtf,
ID_3PHahV,
ID_3PHbJY,
ID_3PHvw3,
ID_3PKLci,
ID_3PL7bV,
ID_3PLKre,
ID_3PMSo6,
ID_3PMXKr,
ID_3PMayB,
ID_3PMjPv,
ID_3PPEuY,
ID_3PQpZy,
ID_3PT3fE,
ID_3PV7un,
ID_3PYqn4,
ID_3PZV7e,
ID_3PZd4m,
ID_3PZnvg,
ID_3Pa6Zi,
ID_3PdM6x,
ID_3PdcBa,
ID_3PfSZo,
ID_3Pj9CC,
ID_3Pk2Bm,
ID_3PkDBb,
ID_3Pkv2A,
ID_3PpZgy,
ID_3Ppji9,
ID_3PpyuH,
ID_3PqAgP,
ID_3Pr8YS,
ID_3PreqA,
ID_3Pt9Fi,
ID_3PuEAn,
ID_3Puudd,
ID_3Pyb9P,
ID_3PyuKC,
ID_3Pzxfp,
ID_3Q25db,
ID_3Q33Up,
ID_3Q3T46,
ID_3Q556Q,
ID_3Q72aF,
ID_3Q7yxR,
ID_3QAUVu,
ID_3QBZrs,
ID_3QEAmP,
ID_3QMZkM,
ID_3QN3ba,
ID_3QNAgs,
ID_3QNx23,
ID_3QNy57,
ID_3QP4G5,
ID_3QQK5Z,
ID_3QQn8t,
ID_3QV6f5,
ID_3QVqDz,
ID_3QW894,
ID_3QYN6a,
ID_3QZoQW,
ID_3QaEZx,
ID_3Qawbk,
ID_3QcyyR,
ID_3Qf3EJ,
ID_3QfFco,
ID_3QgqPA,
ID_3QhRdV,
ID_3QhVFQ,
ID_3Qj49f,
ID_3QoFAw,
ID_3QsRMn,
ID_3QtceK,
ID_3QtsXv,
ID_3QuHWV,
ID_3QvaDS,
ID_3QvnsD,
ID_3QvyVq,
ID_3Qycwv,
ID_3QzuXk,
ID_3R2a4N,
ID_3R2w7d,
ID_3R3M8w,
ID_3R6qMW,
ID_3R9QZB,
ID_3RBD9S,
ID_3RBJJd,
ID_3RBiam,
ID_3REy65,
ID_3RFCgy,
ID_3RGeTn,
ID_3RJCSr,
ID_3RKPpS,
ID_3RLdSZ,
ID_3RNBuE,
ID_3RNR8y,
ID_3RNyYD,
ID_3RPTod,
ID_3RQQ5d,
ID_3RRRGS,
ID_3RSJpT,
ID_3RTZzr,
ID_3RUKFb,
ID_3RXDF8,
ID_3RXGVk,
ID_3RaBz6,
ID_3RaWMs,
ID_3RaaQU,
ID_3Raaaq,
ID_3Rfajb,
ID_3RimGB,
ID_3RqQVm,
ID_3RqWmc,
ID_3Rre8F,
ID_3Rrqaa,
ID_3Rs2sX,
ID_3Rseht,
ID_3RtbwB,
ID_3Rtg6f,
ID_3Rtvk7,
ID_3RuAqc,
ID_3Rwxmk,
ID_3RwzHC,
ID_3Rx7Yx,
ID_3RxwxA,
ID_3RxyuQ,
ID_3S483T,
ID_3S5AVH,
ID_3S89NQ,
ID_3S94Sd,
ID_3SA8gF,
ID_3SATKN,
ID_3SAvAx,
ID_3SBEiK,
ID_3SDzi6,
ID_3SEZ5n,
ID_3SHMaE,
ID_3SHWgF,
ID_3SJ8kk,
ID_3SK7RT,
ID_3SKF7v,
ID_3SKWG7,
ID_3SLU2x,
ID_3SMQpZ,
ID_3SMSpQ,
ID_3SNJHH,
ID_3SP7V6,
ID_3SRveh,
ID_3STA3w,
ID_3STMBh,
ID_3SVSWQ,
ID_3SXdu7,
ID_3SY3hJ,
ID_3SYwEj,
ID_3SZtFi,
ID_3SZzkm,
ID_3SaVij,
ID_3Sbgak,
ID_3ScGS5,
ID_3Sd37i,
ID_3Sdq9L,
ID_3Se3WU,
ID_3SehAx,
ID_3SfY6s,
ID_3SjQ5c,
ID_3SjZKx,
ID_3Smna8,
ID_3Smzbm,
ID_3So7SB,
ID_3SopWR,
ID_3Sorwh,
ID_3SpCXn,
ID_3Sq8Am,
ID_3SsbQs,
ID_3Sswgo,
ID_3Swe9z,
ID_3SxqgZ,
ID_3SyhPQ,
ID_3SzNCA,
ID_3SzfFg,
ID_3T2mRG,
ID_3T2vTG,
ID_3T2wg2,
ID_3T54rS,
ID_3T5TAt,
ID_3T5Ztx,
ID_3T6P7u,
ID_3T76Cu,
ID_3T9WRZ,
ID_3TCd5g,
ID_3TDtDQ,
ID_3TF8Ti,
ID_3TG7ME,
ID_3TGkif,
ID_3THVbd,
ID_3TJRLf,
ID_3TLtBu,
ID_3TNxCR,
ID_3TP4Nx,
ID_3TQJvY,
ID_3TUhtq,
ID_3TVG2z,
ID_3TVkKk,
ID_3TWukx,
ID_3TXLRZ,
ID_3TZKxs,
ID_3TZWLh,
ID_3TbVJZ,
ID_3TbsU3,
ID_3Tc5Uo,
ID_3TgdLf,
ID_3Th7tK,
ID_3ThakU,
ID_3TiGac,
ID_3TjUg7,
ID_3Tk88i,
ID_3TmANR,
ID_3TqzdG,
ID_3TsqP8,
ID_3TuL3A,
ID_3TwZ2L,
ID_3TwgwG,
ID_3U2XXw,
ID_3U3AMm,
ID_3U5QFy,
ID_3UAN8H,
ID_3UAPvh,
ID_3UEMq8,
ID_3UFsN6,
ID_3UGFwV,
ID_3UGhe2,
ID_3UGjTV,
ID_3UHiS9,
ID_3UNTxi,
ID_3UPPyB,
ID_3UPwdx,
ID_3URtUZ,
ID_3UT6RA,
ID_3UTL9K,
ID_3UUt9P,
ID_3UZyEJ,
ID_3UaSkq,
ID_3UbUuK,
ID_3UcNwU,
ID_3Ucfmj,
ID_3Uewh9,
ID_3UgXKf,
ID_3UgoQt,
ID_3UiAwG,
ID_3UiaAr,
ID_3UmdPV,
ID_3Unpy5,
ID_3UpPgi,
ID_3Urp4E,
ID_3UscZX,
ID_3UseYK,
ID_3UtZCh,
ID_3UvaBg,
ID_3Uxip8,
ID_3V4wFs,
ID_3V66L4,
ID_3V6fBt,
ID_3V8iAP,
ID_3V9dfV,
ID_3VAiYv,
ID_3VBicb,
ID_3VBj5K,
ID_3VCtXV,
ID_3VDsbd,
ID_3VHuiD,
ID_3VM8Zk,
ID_3VP96X,
ID_3VRGH9,
ID_3VWkcm,
ID_3VZapf,
ID_3VZbjL,
ID_3VbYRG,
ID_3Vc2rN,
ID_3VcPUj,
ID_3Vcu72,
ID_3VdmS4,
ID_3VdxMv,
ID_3Vemc2,
ID_3Vguuy,
ID_3VhYeu,
ID_3ViLQq,
ID_3Vo3GL,
ID_3VsXxE,
ID_3VsfqR,
ID_3VsrGX,
ID_3VuSwB,
ID_3VukdA,
ID_3Vun3y,
ID_3VvABF,
ID_3Vxqax,
ID_3VxsJU,
ID_3VyUGy,
ID_3VzoHX,
ID_3W2PWN,
ID_3W2Qvt,
ID_3W3ENN,
ID_3W3rc5,
ID_3W4kwu,
ID_3W79bd,
ID_3W8wYC,
ID_3W9LXe,
ID_3W9Vzb,
ID_3WAXmS,
ID_3WAgnE,
ID_3WCEjT,
ID_3WFA34,
ID_3WGKBb,
ID_3WGfAy,
ID_3WH77k,
ID_3WJL9X,
ID_3WP8yQ,
ID_3WQHz2,
ID_3WR8Qe,
ID_3WRLHD,
ID_3WSkJj,
ID_3WTgTs,
ID_3WTrK4,
ID_3WU6nK,
ID_3WUAY7,
ID_3WVViP,
ID_3WWNmP,
ID_3WWerw,
ID_3WWgBU,
ID_3WXB6N,
ID_3WXapX,
ID_3WZ2wM,
ID_3WZJdT,
ID_3WZoiC,
ID_3WaXsk,
ID_3WeCC6,
ID_3WgzTm,
ID_3WiH6z,
ID_3WrAfG,
ID_3WrQAS,
ID_3Wrqkk,
ID_3Wt7Pv,
ID_3WtjND,
ID_3WuRJB,
ID_3WxxJq,
ID_3WykpR,
ID_3WzMgB,
ID_3X22mu,
ID_3X3fqK,
ID_3X3xfM,
ID_3X4u7r,
ID_3X5Hm8,
ID_3X5Pur,
ID_3X6GqQ,
ID_3X7CMM,
ID_3X99SJ,
ID_3XAbzS,
ID_3XBR3K,
ID_3XCKWN,
ID_3XDDge,
ID_3XKMEp,
ID_3XKtW7,
ID_3XLQ9X,
ID_3XLv6j,
ID_3XNpFr,
ID_3XPQ8a,
ID_3XRrG7,
ID_3XSB7E,
ID_3XSmCe,
ID_3XStoD,
ID_3XTwsW,
ID_3XU3mx,
ID_3XVTUR,
ID_3XVanQ,
ID_3XaHWi,
ID_3XaX3M,
ID_3XbZJn,
ID_3Xbtky,
ID_3XeRgA,
ID_3XgVF4,
ID_3XgWhx,
ID_3XhZAs,
ID_3XiNJy,
ID_3XideG,
ID_3XkYRm,
ID_3XmTYu,
ID_3XmwpF,
ID_3XnfWg,
ID_3XntBf,
ID_3XqdS2,
ID_3Xt7Dh,
ID_3XvY4s,
ID_3Xvpwv,
ID_3Xwh2L,
ID_3Y2qyD,
ID_3Y3nYD,
ID_3Y3vRW,
ID_3Y4CvJ,
ID_3Y4g7s,
ID_3Y5fDw,
ID_3Y6NCN,
ID_3Y6iFd,
ID_3YF79i,
ID_3YFA3b,
ID_3YHFhx,
ID_3YHGxu,
ID_3YKoia,
ID_3YLDbr,
ID_3YNakf,
ID_3YQCae,
ID_3YQH8b,
ID_3YS8y7,
ID_3YSWYT,
ID_3YTeuL,
ID_3YVDqv,
ID_3YVogD,
ID_3YWSeq,
ID_3YWiQd,
ID_3YWofm,
ID_3YZMpV,
ID_3YbKQY,
ID_3YbwiT,
ID_3YcGhZ,
ID_3YdGw4,
ID_3YdwCS,
ID_3YeAPb,
ID_3Yem6p,
ID_3YeqFK,
ID_3Yfgov,
ID_3YgGt5,
ID_3Yj8co,
ID_3Yk3oY,
ID_3YmeUv,
ID_3YoYcA,
ID_3Yoy5h,
ID_3YpcHL,
ID_3Yrzbz,
ID_3YuKWH,
ID_3YuuQ7,
ID_3YxBEm,
ID_3Yz6Qu,
ID_3Z2FDT,
ID_3Z3ggK,
ID_3Z6nWQ,
ID_3ZAcjQ,
ID_3ZAgJj,
ID_3ZEX9U,
ID_3ZF67Q,
ID_3ZG7gJ,
ID_3ZHSoq,
ID_3ZJkqa,
ID_3ZJqe7,
ID_3ZKhQm,
ID_3ZLzUD,
ID_3ZMR3y,
ID_3ZNnqw,
ID_3ZPD46,
ID_3ZQBaW,
ID_3ZRrar,
ID_3ZSCTd,
ID_3ZUNka,
ID_3ZUV3c,
ID_3ZUx5N,
ID_3ZWkSd,
ID_3ZWkrq,
ID_3ZXp2E,
ID_3ZZzb4,
ID_3Zb3m5,
ID_3Zb6ox,
ID_3ZbqUX,
ID_3ZdRCM,
ID_3ZepZc,
ID_3ZiNYT,
ID_3Zjcv3,
ID_3ZmFUo,
ID_3ZoPhy,
ID_3ZsJXb,
ID_3ZsvNL,
ID_3Zt7x8,
ID_3Zuvjb,
ID_3ZvLoU,
ID_3a3s3S,
ID_3a4Q2V,
ID_3a52dr,
ID_3a6Unf,
ID_3aAziT,
ID_3aBJEP,
ID_3aBugf,
ID_3aDdCN,
ID_3aHKeD,
ID_3aHgy8,
ID_3aJxVe,
ID_3aKpZN,
ID_3aNonh,
ID_3aPUF6,
ID_3aQrnT,
ID_3aRPYp,
ID_3aUAKw,
ID_3aUEs8,
ID_3aURTu,
ID_3aVFYJ,
ID_3aVR7a,
ID_3aW984,
ID_3aWbAy,
ID_3aXZY6,
ID_3aZYTs,
ID_3acCH9,
ID_3af49G,
ID_3ahiaN,
ID_3ajCug,
ID_3ajMKF,
ID_3akgGH,
ID_3aktUR,
ID_3anxSr,
ID_3aovfs,
ID_3apciq,
ID_3at6Xa,
ID_3auqNC,
ID_3aur9Y,
ID_3avTGP,
ID_3avVu3,
ID_3awp6F,
ID_3axaJi,
ID_3ayAzE,
ID_3ayWcF,
ID_3azS6n,
ID_3b4Dt6,
ID_3b5VKb,
ID_3b83sf,
ID_3bAyZA,
ID_3bB4Cp,
ID_3bE3KN,
ID_3bEP5W,
ID_3bHeus,
ID_3bMYdv,
ID_3bMvui,
ID_3bQQqq,
ID_3bQzso,
ID_3bRLqk,
ID_3bRgqF,
ID_3bSvRn,
ID_3bVSyz,
ID_3bWUPX,
ID_3bYsYy,
ID_3bZ9oQ,
ID_3bdMr4,
ID_3bdZPP,
ID_3be7ZQ,
ID_3bef7a,
ID_3bfjzf,
ID_3bhQxB,
ID_3bhoDd,
ID_3bjyzN,
ID_3bkLN2,
ID_3bm5na,
ID_3bm6vf,
ID_3bpNjd,
ID_3brB7k,
ID_3buctG,
ID_3bwJWQ,
ID_3bwsvc,
ID_3bxEjC,
ID_3by4EQ,
ID_3byMrF,
ID_3byYMb,
ID_3bzk89,
ID_3c4vZ2,
ID_3c6kfx,
ID_3c6oqD,
ID_3c6zaw,
ID_3c7zAv,
ID_3c8Cf8,
ID_3c8ywR,
ID_3c965M,
ID_3cCF7W,
ID_3cF5Lb,
ID_3cFPky,
ID_3cFSFT,
ID_3cFYg2,
ID_3cFfKn,
ID_3cFqp3,
ID_3cG6wV,
ID_3cJsFB,
ID_3cL4ZW,
ID_3cMDLP,
ID_3cQ4dJ,
ID_3cUTzm,
ID_3cWApK,
ID_3cWE8A,
ID_3cWUW7,
ID_3cXBM3,
ID_3cXgt4,
ID_3caxdm,
ID_3ceL3c,
ID_3cehug,
ID_3cgXAm,
ID_3cgpPf,
ID_3ch6gX,
ID_3ciSbS,
ID_3ckKve,
ID_3ckcrB,
ID_3cmtvR,
ID_3cpWjf,
ID_3crwCJ,
ID_3csrRK,
ID_3ctF95,
ID_3ctfBz,
ID_3ctuWF,
ID_3cvbcx,
ID_3cwTJz,
ID_3cxBbq,
ID_3cz2fm,
ID_3d3FKt,
ID_3d49nT,
ID_3d4Axs,
ID_3d5JTh,
ID_3d6FqD,
ID_3d6Wtv,
ID_3dCR8o,
ID_3dETpG,
ID_3dF6gX,
ID_3dFnr6,
ID_3dHHNA,
ID_3dJok6,
ID_3dKW2z,
ID_3dNZq2,
ID_3dQ7S7,
ID_3dQDsT,
ID_3dRzCf,
ID_3dSFHd,
ID_3dSYu5,
ID_3dVtwK,
ID_3ddT7R,
ID_3dggU6,
ID_3dgu6P,
ID_3di7R3,
ID_3djJDq,
ID_3dnNFK,
ID_3dniQ8,
ID_3doYdV,
ID_3dokgH,
ID_3dondg,
ID_3dpGQj,
ID_3dpyon,
ID_3drBKr,
ID_3dsagS,
ID_3dtqyZ,
ID_3dv4qa,
ID_3dvNHV,
ID_3dvZiv,
ID_3dx4eQ,
ID_3dyL6K,
ID_3dzmcV,
ID_3e2Jsq,
ID_3e4Hfo,
ID_3e4j3W,
ID_3e4p3c,
ID_3e7ivV,
ID_3eCC4A,
ID_3eE4Js,
ID_3eEMPa,
ID_3eFXxz,
ID_3eG5zJ,
ID_3eH9T8,
ID_3eLBPP,
ID_3eLqUc,
ID_3eNqP3,
ID_3ePfBe,
ID_3ePxvi,
ID_3eRR7q,
ID_3eRyMH,
ID_3eSvPj,
ID_3eTap8,
ID_3eUerE,
ID_3eUwW5,
ID_3eYTxB,
ID_3eZVA3,
ID_3eZk67,
ID_3ea4s2,
ID_3ebvWh,
ID_3eeFbF,
ID_3efJph,
ID_3efV3s,
ID_3enDxU,
ID_3enQtb,
ID_3enUkR,
ID_3eotcW,
ID_3epA9k,
ID_3epZBe,
ID_3esDRL,
ID_3etjAX,
ID_3euDxL,
ID_3ev8Xu,
ID_3ewygr,
ID_3ezJyo,
ID_3f2b5y,
ID_3f2yuz,
ID_3f3xt7,
ID_3f5ytG,
ID_3f7UJi,
ID_3f9psR,
ID_3fA7sk,
ID_3fBVm6,
ID_3fBqoc,
ID_3fEtiu,
ID_3fFUSu,
ID_3fGatA,
ID_3fGbMq,
ID_3fHDhu,
ID_3fJK5j,
ID_3fMm76,
ID_3fNMV4,
ID_3fNtce,
ID_3fPKPZ,
ID_3fQq9U,
ID_3fTb9y,
ID_3fUCRa,
ID_3fUEBU,
ID_3fWzhh,
ID_3fXCuR,
ID_3fY8MV,
ID_3faxzm,
ID_3feBBK,
ID_3ffKLb,
ID_3fftLw,
ID_3fgbaX,
ID_3fgjqG,
ID_3fhbqG,
ID_3fk5Co,
ID_3fnBMf,
ID_3fonFD,
ID_3fqc9c,
ID_3frwHj,
ID_3fsG8J,
ID_3ftTKX,
ID_3fu7gS,
ID_3fuELU,
ID_3fv64L,
ID_3fvBWx,
ID_3fwPLj,
ID_3fy26v,
ID_3fzg5Q,
ID_3g47mR,
ID_3g4BpD,
ID_3g4U7c,
ID_3g75Ad,
ID_3g7Tgp,
ID_3g8oZX,
ID_3g9LEb,
ID_3gBohT,
ID_3gCMaZ,
ID_3gE7Vu,
ID_3gFdmK,
ID_3gGUov,
ID_3gHAyT,
ID_3gJLMu,
ID_3gK9kq,
ID_3gLXKt,
ID_3gNWMx,
ID_3gQREn,
ID_3gQuzw,
ID_3gSpGE,
ID_3gT2qZ,
ID_3gTG6J,
ID_3gVCLS,
ID_3gW8fa,
ID_3gWDMX,
ID_3ga9nm,
ID_3gb3VU,
ID_3gbjoC,
ID_3gd3C7,
ID_3gdJiR,
ID_3gdbz7,
ID_3gfRhu,
ID_3gfTwy,
ID_3gfdri,
ID_3ggKeh,
ID_3ghqjq,
ID_3gjrr8,
ID_3gk68V,
ID_3goTwn,
ID_3gt4ci,
ID_3gtMzQ,
ID_3gtZMJ,
ID_3gtciT,
ID_3gu69M,
ID_3gu8Tf,
ID_3gwYvY,
ID_3gyDH5,
ID_3gzSip,
ID_3h3TF3,
ID_3h4Y6h,
ID_3h5sX7,
ID_3h6SHM,
ID_3h6b5j,
ID_3h8YwP,
ID_3hAg7Z,
ID_3hBs7q,
ID_3hFDWA,
ID_3hH8vp,
ID_3hK2Pr,
ID_3hM3Nq,
ID_3hNTwY,
ID_3hPFch,
ID_3hPjH8,
ID_3hR2Q4,
ID_3hR6LS,
ID_3hRzoM,
ID_3hTCGz,
ID_3hTpkL,
ID_3hU2GG,
ID_3hVbTx,
ID_3hWSEc,
ID_3hXL3H,
ID_3hYf5H,
ID_3haAw9,
ID_3hcLBS,
ID_3hcakQ,
ID_3hd2Sf,
ID_3hdCUc,
ID_3hdwZn,
ID_3hhBX8,
ID_3hhC8J,
ID_3hhj6U,
ID_3hiBFW,
ID_3higdr,
ID_3hkkJu,
ID_3hmJCQ,
ID_3hoW7E,
ID_3hpPXt,
ID_3hpiHY,
ID_3hrvVs,
ID_3hsEjX,
ID_3hssRm,
ID_3htKny,
ID_3hzbrc,
ID_3i2YCf,
ID_3i34ta,
ID_3i6TCY,
ID_3i6tVm,
ID_3i7Bgm,
ID_3i7DEK,
ID_3i8XZp,
ID_3i8YKP,
ID_3i9oqc,
ID_3iCFTH,
ID_3iD7Wm,
ID_3iEx77,
ID_3iHFUS,
ID_3iHXyG,
ID_3iLnm7,
ID_3iMDku,
ID_3iMQQZ,
ID_3iMn5a,
ID_3iP7b2,
ID_3iQBNS,
ID_3iRa5C,
ID_3iWSNj,
ID_3iZgkU,
ID_3idHDU,
ID_3idpYE,
ID_3ig8rW,
ID_3ih4rT,
ID_3ioMX6,
ID_3iprqK,
ID_3iuc8W,
ID_3ixAC3,
ID_3ixgzu,
ID_3j54jQ,
ID_3j6NCN,
ID_3j6WrG,
ID_3j89MS,
ID_3j9cf5,
ID_3jATrK,
ID_3jCR46,
ID_3jFCvZ,
ID_3jHLF3,
ID_3jHvpk,
ID_3jKTUh,
ID_3jKd7v,
ID_3jMvNz,
ID_3jPu3m,
ID_3jRqnq,
ID_3jUK5i,
ID_3jVCyn,
ID_3jVnSh,
ID_3jWBYC,
ID_3jaT78,
ID_3jar5j,
ID_3jbkmF,
ID_3jdEfd,
ID_3jdG2G,
ID_3jeoDs,
ID_3ji73w,
ID_3jkUVW,
ID_3jmXKc,
ID_3jmwBq,
ID_3jnPFR,
ID_3jnQxy,
ID_3joTot,
ID_3joXaY,
ID_3joaua,
ID_3jpj3y,
ID_3jrzTF,
ID_3js7ec,
ID_3jsFxn,
ID_3jtTV2,
ID_3jxnJ9,
ID_3jzxQ9,
ID_3k2mHe,
ID_3k33r2,
ID_3k5Eve,
ID_3k6FMw,
ID_3k6S4y,
ID_3k6j86,
ID_3k8w6Q,
ID_3k9c3x,
ID_3kBo49,
ID_3kCKms,
ID_3kD6zy,
ID_3kFfQ5,
ID_3kGjN3,
ID_3kGriS,
ID_3kKQhk,
ID_3kXdBv,
ID_3ka8V8,
ID_3kae5r,
ID_3kbvJp,
ID_3kcWbw,
ID_3kcWss,
ID_3kctaC,
ID_3kdLZA,
ID_3kgBGQ,
ID_3kh67r,
ID_3khbHp,
ID_3kkQ9V,
ID_3knpiq,
ID_3ko7va,
ID_3koCpN,
ID_3koZwk,
ID_3kochm,
ID_3kqwA5,
ID_3kqwWA,
ID_3ks8zq,
ID_3kuxM8,
ID_3kyLAS,
ID_3kyhAS,
ID_3m3K24,
ID_3m3c4f,
ID_3m5TPg,
ID_3m6HCs,
ID_3m77sL,
ID_3m7d82,
ID_3m7rDY,
ID_3m8cTq,
ID_3m9dtC,
ID_3mAvSB,
ID_3mBEth,
ID_3mBoeb,
ID_3mCEVc,
ID_3mChBw,
ID_3mCtzE,
ID_3mFnGC,
ID_3mFtyk,
ID_3mGPKF,
ID_3mJNkv,
ID_3mK7sk,
ID_3mKDeC,
ID_3mKeAA,
ID_3mKiG4,
ID_3mMpiw,
ID_3mNLHh,
ID_3mNVcj,
ID_3mNwGu,
ID_3mR9n5,
ID_3mRpAd,
ID_3mS3mQ,
ID_3mSCtB,
ID_3mTGJF,
ID_3mTL7z,
ID_3mTT3X,
ID_3mUYTK,
ID_3mWL4o,
ID_3mWifh,
ID_3mYwC4,
ID_3mZhGr,
ID_3mbPQ4,
ID_3mcqye,
ID_3mdMfR,
ID_3mdMgk,
ID_3mdzuJ,
ID_3mepHu,
ID_3mg4d7,
ID_3mgCtN,
ID_3mgqdA,
ID_3mhBAb,
ID_3mhL6d,
ID_3miUfp,
ID_3miVaL,
ID_3mjdep,
ID_3mn5r2,
ID_3mnCjk,
ID_3motbN,
ID_3mq8BW,
ID_3mrXBr,
ID_3mvMbY,
ID_3n4iLU,
ID_3n4vA9,
ID_3n8pGW,
ID_3n9gm9,
ID_3nBuDA,
ID_3nEDvx,
ID_3nH8DF,
ID_3nKUER,
ID_3nMGbx,
ID_3nMZHF,
ID_3nN3gq,
ID_3nNpMx,
ID_3nPa5q,
ID_3nQZeJ,
ID_3nQi3G,
ID_3nR7zj,
ID_3nRxYC,
ID_3nTBpk,
ID_3nYch3,
ID_3nYnWQ,
ID_3nZ8J4,
ID_3nZMe8,
ID_3nZzW3,
ID_3na5un,
ID_3naWjo,
ID_3nc24z,
ID_3nerKV,
ID_3nh76k,
ID_3nhG6n,
ID_3nhJGP,
ID_3nhJkN,
ID_3nhcAc,
ID_3nhjC2,
ID_3nj9pU,
ID_3nkM6D,
ID_3nmWEC,
ID_3nomGN,
ID_3nqh2n,
ID_3nucyY,
ID_3nw47U,
ID_3nyhBc,
ID_3o2udR,
ID_3o2wM7,
ID_3o4utZ,
ID_3o5Jua,
ID_3o5mYV,
ID_3o9T5K,
ID_3oAxRg,
ID_3oBN6h,
ID_3oBXrV,
ID_3oFAGF,
ID_3oGpUM,
ID_3oHTVN,
ID_3oHZZc,
ID_3oJf5S,
ID_3oJtyj,
ID_3oQya4,
ID_3oRsu5,
ID_3oTMAd,
ID_3oVYFQ,
ID_3oWS72,
ID_3oYVWy,
ID_3oZC26,
ID_3ob7jr,
ID_3obYnv,
ID_3ocpza,
ID_3ogopE,
ID_3ohkVc,
ID_3ohsxk,
ID_3oigbW,
ID_3ojJzw,
ID_3ok8QN,
ID_3okD3R,
ID_3oqRsp,
ID_3oqnni,
ID_3orGvb,
ID_3osTZ3,
ID_3osnR4,
ID_3otYGW,
ID_3otqw8,
ID_3ovGgh,
ID_3owNDs,
ID_3ozqeU,
ID_3p35sT,
ID_3p4i4z,
ID_3p626a,
ID_3pA8hs,
ID_3pAwFd,
ID_3pCNPp,
ID_3pEhCj,
ID_3pFngg,
ID_3pHEZ5,
ID_3pKHch,
ID_3pLHmE,
ID_3pLiho,
ID_3pLoKG,
ID_3pNWX3,
ID_3pPYeR,
ID_3pQkyY,
ID_3pRQXG,
ID_3pRnmQ,
ID_3pScvg,
ID_3pTRd8,
ID_3pVeDa,
ID_3pXn9x,
ID_3pZP6p,
ID_3paijY,
ID_3pdRL2,
ID_3pfm7T,
ID_3piXfd,
ID_3piZEw,
ID_3pjcmL,
ID_3pjzYT,
ID_3pkiBC,
ID_3pnAXM,
ID_3pnPLB,
ID_3pnURU,
ID_3pqkK8,
ID_3pr2C7,
ID_3prve4,
ID_3psbM8,
ID_3pt5Ze,
ID_3ptc2L,
ID_3pumL4,
ID_3pwc9k,
ID_3pypJj,
ID_3pyv94,
ID_3pzxH6,
ID_3q2qy4,
ID_3q3tAi,
ID_3q4NbG,
ID_3qA33x,
ID_3qDAt4,
ID_3qERx7,
ID_3qFtGE,
ID_3qHtvh,
ID_3qK4ks,
ID_3qL7iN,
ID_3qLvDk,
ID_3qMtjw,
ID_3qN7Vn,
ID_3qNcnm,
ID_3qPCJk,
ID_3qPD8G,
ID_3qPU8F,
ID_3qPih6,
ID_3qSa5A,
ID_3qSkYf,
ID_3qUNez,
ID_3qVFkk,
ID_3qWZ4p,
ID_3qWs46,
ID_3qaXwC,
ID_3qdMpb,
ID_3qdnHi,
ID_3qfEdZ,
ID_3qg7oZ,
ID_3qhZRY,
ID_3qiT2x,
ID_3qjHhw,
ID_3qk5vz,
ID_3qm5Uv,
ID_3qmHFA,
ID_3qoaZd,
ID_3qpS5C,
ID_3qpV8F,
ID_3qtS2c,
ID_3qtYrD,
ID_3quVt9,
ID_3qviYy,
ID_3qw647,
ID_3qwexo,
ID_3qxA8u,
ID_3qzpS5,
ID_3r3FUp,
ID_3r4YhK,
ID_3r6CXX,
ID_3r6jHr,
ID_3r7yY6,
ID_3r88SR,
ID_3r8fCr,
ID_3rBE8f,
ID_3rJZja,
ID_3rLFT3,
ID_3rM8fm,
ID_3rMtJk,
ID_3rPcHu,
ID_3rQRGK,
ID_3rUfQ9,
ID_3rUk92,
ID_3rYvkD,
ID_3rZEvC,
ID_3reKnn,
ID_3rgwAy,
ID_3rgzDL,
ID_3riXRS,
ID_3rie9z,
ID_3roTqv,
ID_3rpLv4,
ID_3rphU7,
ID_3rqPVH,
ID_3rszmC,
ID_3rwULs,
ID_3rwjJ4,
ID_3rxMVT,
ID_3rztLx,
ID_3s3BEe,
ID_3s3KPQ,
ID_3s5Cqn,
ID_3s743j,
ID_3s7zXK,
ID_3s87BN,
ID_3sAFDq,
ID_3sAgUc,
ID_3sC54K,
ID_3sEvvW,
ID_3sGyEn,
ID_3sKXt7,
ID_3sKoZ9,
ID_3sLq9M,
ID_3sNVsQ,
ID_3sPL9F,
ID_3sRzUo,
ID_3sTP7r,
ID_3sU2jK,
ID_3sU5hh,
ID_3sV3bZ,
ID_3sVibC,
ID_3sWhsg,
ID_3sWmfJ,
ID_3sX3bX,
ID_3sXQbD,
ID_3sZUyk,
ID_3saL9p,
ID_3sbGEs,
ID_3sbwXG,
ID_3scCRe,
ID_3sd6y5,
ID_3sfi4K,
ID_3sg4hG,
ID_3sisA4,
ID_3smLFk,
ID_3srTcM,
ID_3ssWYB,
ID_3ssqTc,
ID_3sxGDw,
ID_3t2aks,
ID_3t3rTS,
ID_3t4BtQ,
ID_3t4Eyg,
ID_3t4VCu,
ID_3t4kf2,
ID_3t6PNx,
ID_3t6qm4,
ID_3t88FN,
ID_3t88tM,
ID_3tAEDz,
ID_3tAfaZ,
ID_3tD8YZ,
ID_3tDVLx,
ID_3tEAby,
ID_3tF23v,
ID_3tFzT8,
ID_3tJme2,
ID_3tLD7f,
ID_3tM47h,
ID_3tNNtE,
ID_3tNe46,
ID_3tPtCz,
ID_3tQaG3,
ID_3tQkZD,
ID_3tSUS7,
ID_3tSnJe,
ID_3tSvmb,
ID_3tTM4h,
ID_3tWmnu,
ID_3tWnAR,
ID_3tXvXN,
ID_3taLHw,
ID_3tafTT,
ID_3tbMgB,
ID_3tdgET,
ID_3teq2d,
ID_3thMW6,
ID_3tjTzB,
ID_3tkoqd,
ID_3toptH,
ID_3tqANA,
ID_3tqZ3h,
ID_3trPgG,
ID_3trWjg,
ID_3ttjgG,
ID_3twf3H,
ID_3twycZ,
ID_3tx8cw,
ID_3txBzD,
ID_3txd7t,
ID_3tzLKC,
ID_3tzMrY,
ID_3tzcRN,
ID_3u226A,
ID_3u3EM3,
ID_3u3H7r,
ID_3u44KF,
ID_3u5Ld9,
ID_3u7fB9,
ID_3u8YTu,
ID_3u9eS3,
ID_3uBZk7,
ID_3uCEf8,
ID_3uCSnG,
ID_3uEBVX,
ID_3uEVVf,
ID_3uFVPv,
ID_3uKdMi,
ID_3uLZCS,
ID_3uNDmT,
ID_3uPSMa,
ID_3uSEfc,
ID_3uSYTB,
ID_3uU5yL,
ID_3uUAde,
ID_3uUbHG,
ID_3uUieU,
ID_3uWDTJ,
ID_3uWLkv,
ID_3uWU2S,
ID_3uWbuC,
ID_3uXZFJ,
ID_3uZCBS,
ID_3uaeRz,
ID_3uckJg,
ID_3ucuWk,
ID_3udroR,
ID_3ue69Q,
ID_3uemYi,
ID_3uhFTj,
ID_3uheE6,
ID_3umAV6,
ID_3upcKA,
ID_3uqN9p,
ID_3uriA5,
ID_3uteRQ,
ID_3utrW4,
ID_3uuAsL,
ID_3uwU3V,
ID_3uz98m,
ID_3uzk8W,
ID_3v3v9T,
ID_3v5XgU,
ID_3v6CaP,
ID_3v7Qfj,
ID_3vAF95,
ID_3vAk8e,
ID_3vCZLz,
ID_3vCm8t,
ID_3vDQMZ,
ID_3vE7pb,
ID_3vH2jw,
ID_3vK6PC,
ID_3vKfmv,
ID_3vMPuL,
ID_3vNQGe,
ID_3vPEkN,
ID_3vPWvr,
ID_3vS2Q2,
ID_3vSjSC,
ID_3vSkMQ,
ID_3vUEJG,
ID_3vWggZ,
ID_3vXeww,
ID_3vYNkP,
ID_3vazpx,
ID_3vdkkD,
ID_3vfWah,
ID_3vjyoB,
ID_3vk57c,
ID_3vkMwJ,
ID_3vkXJN,
ID_3vksNG,
ID_3vnBTx,
ID_3vp37o,
ID_3vpp3q,
ID_3vqLUu,
ID_3vqMaT,
ID_3vxpro,
ID_3vyqYG,
ID_3w27Ao,
ID_3w27XE,
ID_3w3ovd,
ID_3w5jh8,
ID_3w67Ui,
ID_3w6ffi,
ID_3w7sFM,
ID_3w8ETA,
ID_3wAECy,
ID_3wCNu2,
ID_3wDfzM,
ID_3wEtwH,
ID_3wFFDx,
ID_3wGC5a,
ID_3wJBHj,
ID_3wJxXJ,
ID_3wKSyU,
ID_3wL2qj,
ID_3wMg4m,
ID_3wMuPB,
ID_3wN3Gi,
ID_3wNuzx,
ID_3wPqnH,
ID_3wQwcf,
ID_3wS3eX,
ID_3wSJFo,
ID_3wUVcM,
ID_3wUvXd,
ID_3wV7YR,
ID_3wXo88,
ID_3wZM4V,
ID_3wZrfS,
ID_3wdeos,
ID_3wdqFf,
ID_3wegPM,
ID_3wfkcu,
ID_3wg2vZ,
ID_3wgMsm,
ID_3wiU4o,
ID_3wnaT4,
ID_3woR29,
ID_3wpHuT,
ID_3wpLDG,
ID_3wq9iB,
ID_3wrLqe,
ID_3wrsaq,
ID_3wsF9M,
ID_3ww2qL,
ID_3wwQak,
ID_3wwuJ4,
ID_3wyGof,
ID_3x3cuE,
ID_3x9QaP,
ID_3x9zm2,
ID_3xAs3p,
ID_3xBVuD,
ID_3xCSQf,
ID_3xDpD6,
ID_3xDrpg,
ID_3xEfco,
ID_3xEhT5,
ID_3xGGJL,
ID_3xGkBs,
ID_3xJM9B,
ID_3xNijy,
ID_3xPGpF,
ID_3xPbuG,
ID_3xQ2y2,
ID_3xRvTi,
ID_3xUqpC,
ID_3xVPWv,
ID_3xWH3u,
ID_3xWUua,
ID_3xZG9a,
ID_3xahQB,
ID_3xcdZk,
ID_3xdDgW,
ID_3xdWta,
ID_3xgR7y,
ID_3xgRDg,
ID_3xgYB4,
ID_3xgdbV,
ID_3xh5vA,
ID_3xiEDb,
ID_3xiVfX,
ID_3xjH9x,
ID_3xkjRP,
ID_3xnCgv,
ID_3xnQ2y,
ID_3xqjeJ,
ID_3xr99q,
ID_3xrEir,
ID_3xrW7g,
ID_3xsSRZ,
ID_3xseVa,
ID_3xt6iy,
ID_3xtksb,
ID_3xuQGw,
ID_3xy6xJ,
ID_3xyXim,
ID_3y262m,
ID_3y49sc,
ID_3y4Kdf,
ID_3y5AhG,
ID_3y6y3g,
ID_3y9oJq,
ID_3yAPGB,
ID_3yBCzm,
ID_3yBMp6,
ID_3yCZEK,
ID_3yDw9Q,
ID_3yEkBn,
ID_3yF7rr,
ID_3yFDU9,
ID_3yGJSn,
ID_3yKDeK,
ID_3yL9mm,
ID_3yLnAg,
ID_3yLtqV,
ID_3yNpdj,
ID_3yQ2nJ,
ID_3yRJaA,
ID_3yTKmr,
ID_3yTb7v,
ID_3yTsXz,
ID_3yUVHk,
ID_3yVYbQ,
ID_3yVwoH,
ID_3yWK2v,
ID_3yWnue,
ID_3yh3tK,
ID_3yiboF,
ID_3ymF9A,
ID_3ymdah,
ID_3ymuYp,
ID_3ynebu,
ID_3yomZb,
ID_3yorPq,
ID_3ypB9X,
ID_3ypCMf,
ID_3yqC7T,
ID_3yqQgc,
ID_3ys5cR,
ID_3yufB5,
ID_3ywJLu,
ID_3ywdRn,
ID_3yyCke,
ID_3yyEqn,
ID_3yyunx,
ID_3yz7su,
ID_3yzpDA,
ID_3z4gQx,
ID_3z5VyW,
ID_3z8DC9,
ID_3zBkVC,
ID_3zEcgC,
ID_3zFUBn,
ID_3zGL6J,
ID_3zGjjL,
ID_3zHJ7C,
ID_3zQAmN,
ID_3zQAvV,
ID_3zQQKX,
ID_3zQQQu,
ID_3zQmTo,
ID_3zRLnz,
ID_3zRzBZ,
ID_3zSgcX,
ID_3zTpH2,
ID_3zTv8o,
ID_3zU42m,
ID_3zUaxc,
ID_3zWhVK,
ID_3zWwr6,
ID_3zYHA7,
ID_3zZKme,
ID_3zZc5i,
ID_3zaSfU,
ID_3zcCLu,
ID_3zcaUd,
ID_3zduw7,
ID_3zdyB3,
ID_3zhpjx,
ID_3zjA5f,
ID_3zjCFw,
ID_3zje3o,
ID_3zkXoD,
ID_3zmp6w,
ID_3zq5z3,
ID_3zrWkr,
ID_3zriJ4,
ID_3zsGRC,
ID_3zsTVY,
ID_3zsTkF,
ID_3zsyVZ,
ID_3zsz36,
ID_3ztCkE,
ID_3ztGv3,
ID_3zztkW,
ID_422DeP,
ID_423L47,
ID_423i2Q,
ID_424BPa,
ID_427Yju,
ID_428vxn,
ID_429KSK,
ID_42Df8h,
ID_42EfSG,
ID_42FeVh,
ID_42GZuL,
ID_42JbpP,
ID_42LQxT,
ID_42PbE3,
ID_42PbvY,
ID_42QirV,
ID_42QxK5,
ID_42SaWr,
ID_42Wwgx,
ID_42XxBz,
ID_42Yu6A,
ID_42ZAnD,
ID_42aNxk,
ID_42aP9P,
ID_42i8Xb,
ID_42ie7B,
ID_42irvY,
ID_42k8so,
ID_42qBtd,
ID_42r8TU,
ID_42rJgM,
ID_42t8fo,
ID_42vz2E,
ID_42wtra,
ID_42xMAa,
ID_4345dw,
ID_434HAG,
ID_434sHt,
ID_438VQh,
ID_438wDU,
ID_439BVr,
ID_439FJu,
ID_439YKV,
ID_43ADAj,
ID_43D5HN,
ID_43DQT3,
ID_43EWRH,
ID_43Esn2,
ID_43G4ma,
ID_43GPw3,
ID_43GsZC,
ID_43KLza,
ID_43L9KY,
ID_43N5my,
ID_43NzAU,
ID_43PYUj,
ID_43Pnni,
ID_43Qhh5,
ID_43RTpu,
ID_43SvDt,
ID_43TqUz,
ID_43VBs4,
ID_43YukR,
ID_43b6h7,
ID_43dxfa,
ID_43fYpw,
ID_43g7W9,
ID_43h5vt,
ID_43hZTJ,
ID_43i7Mj,
ID_43kvKz,
ID_43nZys,
ID_43otoZ,
ID_43pPKi,
ID_43qDgk,
ID_43rDCk,
ID_43rx4b,
ID_43s5NJ,
ID_43sN85,
ID_43tHtw,
ID_43tdJw,
ID_43tnKY,
ID_43vEgw,
ID_43wqjR,
ID_43yZ2G,
ID_43zCu9,
ID_4427t2,
ID_4428Sx,
ID_442T3L,
ID_443wdM,
ID_445za2,
ID_446muv,
ID_447gjh,
ID_448NGs,
ID_449h8H,
ID_44B8R7,
ID_44D5yP,
ID_44EMLY,
ID_44EmBn,
ID_44Fm9o,
ID_44GHXx,
ID_44GepU,
ID_44Gk4V,
ID_44Gv3u,
ID_44Jn7r,
ID_44L32F,
ID_44MYX2,
ID_44Mt2c,
ID_44NdT4,
ID_44PkEg,
ID_44QZw8,
ID_44Ra9M,
ID_44TGPS,
ID_44XU9j,
ID_44XzeD,
ID_44ZZzH,
ID_44byBU,
ID_44byvx,
ID_44dAA8,
ID_44ecrT,
ID_44gCng,
ID_44jTfM,
ID_44jjDi,
ID_44kAHY,
ID_44ke7c,
ID_44nwZK,
ID_44oMtH,
ID_44p3HK,
ID_44qpwP,
ID_44r55W,
ID_44tCo3,
ID_44vD2t,
ID_44wYCf,
ID_44xySF,
ID_44yYNN,
ID_44yuBD,
ID_44zVP6,
ID_453EfW,
ID_453zNm,
ID_457Yyt,
ID_458r3A,
ID_458ub9,
ID_459boF,
ID_45D24V,
ID_45DAu8,
ID_45DKqg,
ID_45FMHD,
ID_45G6cg,
ID_45GF8S,
ID_45Jz4G,
ID_45LWu5,
ID_45PNbi,
ID_45PoUe,
ID_45Qz7Q,
ID_45RE5N,
ID_45SLVA,
ID_45SuwC,
ID_45Tm2u,
ID_45WpC7,
ID_45YgLL,
ID_45bSL9,
ID_45c24z,
ID_45dPqR,
ID_45dXLS,
ID_45eYRa,
ID_45exNg,
ID_45fjBx,
ID_45g7ea,
ID_45hTv3,
ID_45jCnk,
ID_45jkyN,
ID_45mpau,
ID_45nkjF,
ID_45riDh,
ID_45rsU2,
ID_45sNHx,
ID_45tebT,
ID_45uCco,
ID_45uEbU,
ID_45uP4Y,
ID_45w6nz,
ID_45wD6i,
ID_45wYje,
ID_45xBnH,
ID_45zT4F,
ID_464Vds,
ID_4652bq,
ID_466vUy,
ID_468Rr7,
ID_46Cbgp,
ID_46FRaf,
ID_46GxoU,
ID_46H8EA,
ID_46Hi4G,
ID_46Hxyp,
ID_46JaJW,
ID_46KkLs,
ID_46Leiv,
ID_46Lkh9,
ID_46LvGV,
ID_46PyfU,
ID_46R8sL,
ID_46RKPF,
ID_46TYAC,
ID_46TZGL,
ID_46a9Ku,
ID_46b2Z7,
ID_46bBYz,
ID_46biyA,
ID_46buzB,
ID_46dQ3S,
ID_46etcv,
ID_46frRY,
ID_46h63v,
ID_46hSGu,
ID_46hXyf,
ID_46jXMZ,
ID_46kAmg,
ID_46mqTu,
ID_46njpU,
ID_46oqkf,
ID_46q6Fd,
ID_46s8CX,
ID_46sr4m,
ID_46v9PU,
ID_46vAmd,
ID_46y8q5,
ID_46yPb2,
ID_46yrfe,
ID_472C3J,
ID_475rUL,
ID_479ZtS,
ID_47Amjk,
ID_47B4q3,
ID_47ELr9,
ID_47FjHN,
ID_47K479,
ID_47L7nP,
ID_47LjDV,
ID_47Mgz7,
ID_47MiAo,
ID_47PNsg,
ID_47PuRz,
ID_47QkWc,
ID_47RHqi,
ID_47RPdm,
ID_47RdvY,
ID_47Roag,
ID_47TTKs,
ID_47U5gK,
ID_47V5BW,
ID_47Y5BM,
ID_47YE6p,
ID_47aVoR,
ID_47aZwA,
ID_47bLHU,
ID_47cfzq,
ID_47d2dh,
ID_47eFLT,
ID_47fMzN,
ID_47gQYi,
ID_47h4wY,
ID_47iXp2,
ID_47iZcJ,
ID_47im5u,
ID_47kMAv,
ID_47ma5A,
ID_47meTZ,
ID_47odAu,
ID_47omia,
ID_47qZVt,
ID_47rcm5,
ID_47s67m,
ID_47tj4K,
ID_47tjHW,
ID_47uWm3,
ID_47vpzd,
ID_47ztNL,
ID_483itC,
ID_484fur,
ID_484r3j,
ID_486SYz,
ID_487JzY,
ID_489MPj,
ID_48ArNr,
ID_48B9zC,
ID_48BRV5,
ID_48BWPi,
ID_48BqGg,
ID_48CNhv,
ID_48DuAa,
ID_48EauA,
ID_48F6Qq,
ID_48FAME,
ID_48FUYA,
ID_48GaHW,
ID_48JFGt,
ID_48PSAk,
ID_48Q9Bg,
ID_48ToE3,
ID_48VRzQ,
ID_48VUHQ,
ID_48VVxy,
ID_48Vaig,
ID_48VobK,
ID_48WSem,
ID_48ZCoD,
ID_48ZnvT,
ID_48aeFF,
ID_48dFs3,
ID_48e2LE,
ID_48eFEQ,
ID_48eW92,
ID_48gVUN,
ID_48gpe6,
ID_48jQ4B,
ID_48mQbf,
ID_48mR62,
ID_48nNqf,
ID_48pceF,
ID_48qMXB,
ID_48rVHx,
ID_48ubks,
ID_492sSE,
ID_493CKg,
ID_493T4B,
ID_496sof,
ID_497HZX,
ID_499mfT,
ID_49A5Je,
ID_49CzHa,
ID_49DD45,
ID_49DMkP,
ID_49Drhp,
ID_49Hke2,
ID_49LGAD,
ID_49LNdY,
ID_49Mvin,
ID_49RWSp,
ID_49T5yP,
ID_49TpY3,
ID_49W3qk,
ID_49WcKe,
ID_49XLa5,
ID_49an7n,
ID_49b7WZ,
ID_49b8eb,
ID_49e7bD,
ID_49eZhi,
ID_49fKCg,
ID_49g2ry,
ID_49iwzQ,
ID_49jcGB,
ID_49jjYY,
ID_49p88P,
ID_49qLAQ,
ID_49rM3S,
ID_49sJys,
ID_49ty24,
ID_49uTcB,
ID_49wJzT,
ID_49wkSQ,
ID_49zm4n,
ID_4A4N9f,
ID_4A5aHy,
ID_4A6NPy,
ID_4A7uSY,
ID_4A83Mp,
ID_4A8KVQ,
ID_4A8z68,
ID_4A9xha,
ID_4AAj3Y,
ID_4AEuuJ,
ID_4AFWTe,
ID_4AJWwn,
ID_4AKgsc,
ID_4AKyLt,
ID_4ARqnj,
ID_4ASBFi,
ID_4ASZe5,
ID_4AUiNP,
ID_4AVCbS,
ID_4AY5JU,
ID_4AYnJS,
ID_4AZbog,
ID_4AaN5T,
ID_4AaTbw,
ID_4AbPCY,
ID_4Ae9QW,
ID_4AfJw8,
ID_4AjVV3,
ID_4AmqSE,
ID_4AmrC8,
ID_4AmtBL,
ID_4An6rT,
ID_4AnCYU,
ID_4And56,
ID_4AryLU,
ID_4AsRXG,
ID_4AsUn2,
ID_4AtjHH,
ID_4Au9kg,
ID_4AwNsQ,
ID_4AwWwG,
ID_4AwhuY,
ID_4AyHEe,
ID_4Ayfd9,
ID_4B27ix,
ID_4B4j2Y,
ID_4BAGpt,
ID_4BArER,
ID_4BD8MD,
ID_4BDJGP,
ID_4BEjxD,
ID_4BEoFN,
ID_4BFAfa,
ID_4BHfHk,
ID_4BJEt8,
ID_4BN3pn,
ID_4BNCrx,
ID_4BNtk4,
ID_4BQ8E6,
ID_4BQfv6,
ID_4BRLNS,
ID_4BYkBu,
ID_4BZNFy,
ID_4BajRv,
ID_4BcpdK,
ID_4BdWJT,
ID_4BfiYo,
ID_4BjTDu,
ID_4BkAnT,
ID_4BmKLD,
ID_4BnbR3,
ID_4BpvFh,
ID_4BrGKF,
ID_4BsKqG,
ID_4BsNGM,
ID_4BtFDv,
ID_4C3vmh,
ID_4C6VsC,
ID_4C6ak6,
ID_4C6i97,
ID_4C8DJJ,
ID_4C8s5y,
ID_4C92YH,
ID_4CBnpn,
ID_4CCeh7,
ID_4CDhg5,
ID_4CE5zb,
ID_4CE7Kq,
ID_4CEaWg,
ID_4CEnb8,
ID_4CGmY7,
ID_4CH5Sd,
ID_4CKyZn,
ID_4CLgmV,
ID_4CQo7S,
ID_4CRbGo,
ID_4CTFaH,
ID_4CTRyZ,
ID_4CTWZS,
ID_4CV6Am,
ID_4CWTmt,
ID_4CWoNd,
ID_4CYwm2,
ID_4CZiQe,
ID_4CaYpW,
ID_4CdXvu,
ID_4Cebtq,
ID_4CfBNU,
ID_4CfP4N,
ID_4CfVZL,
ID_4ChBMP,
ID_4ChP9V,
ID_4Chzee,
ID_4CiBJA,
ID_4CiD45,
ID_4CjqNV,
ID_4Ck77b,
ID_4Cme8d,
ID_4CnZqY,
ID_4Coiej,
ID_4Cqiu8,
ID_4CqsHB,
ID_4CtTD4,
ID_4CtsFu,
ID_4Cuwtt,
ID_4CvEaS,
ID_4CxW9f,
ID_4D46ko,
ID_4D6mRk,
ID_4D72AK,
ID_4D8mNr,
ID_4DAZi3,
ID_4DCUkt,
ID_4DE5hW,
ID_4DF4D2,
ID_4DGd6d,
ID_4DHon2,
ID_4DJXJ5,
ID_4DLAj8,
ID_4DLMoZ,
ID_4DMP5i,
ID_4DQK9v,
ID_4DSavB,
ID_4DW76L,
ID_4DXEqd,
ID_4DXTr3,
ID_4DXjFm,
ID_4DYj9M,
ID_4DZafD,
ID_4DZjaJ,
ID_4DdkRE,
ID_4DdyQ9,
ID_4DePdA,
ID_4DeVPG,
ID_4Dh7w7,
ID_4Dkybc,
ID_4DmNrN,
ID_4DndYA,
ID_4DrdVm,
ID_4DrfKY,
ID_4Dspok,
ID_4DuTZy,
ID_4DvJRL,
ID_4DvTZ7,
ID_4DvjGv,
ID_4DwCys,
ID_4DxVcz,
ID_4DxXSj,
ID_4DyALv,
ID_4E45nD,
ID_4E87ft,
ID_4E8kQh,
ID_4E97Ux,
ID_4EAZxq,
ID_4EAcFH,
ID_4EB8y9,
ID_4EBQXy,
ID_4EE3G5,
ID_4EF3aw,
ID_4EG2N8,
ID_4EGAnq,
ID_4EJXNv,
ID_4EKUPv,
ID_4EKuMz,
ID_4ELYpT,
ID_4ELbj3,
ID_4ENLdC,
ID_4EQvxG,
ID_4EUQvZ,
ID_4EUT7g,
ID_4EVA9z,
ID_4EVVwm,
ID_4EVmAq,
ID_4EXYkw,
ID_4EZGQq,
ID_4Eacg7,
ID_4Eb4LP,
ID_4EcRDg,
ID_4EcZxm,
ID_4EdFaR,
ID_4EeW7d,
ID_4Eedh4,
ID_4Eg8rT,
ID_4EiMjc,
ID_4Eivfc,
ID_4Em7qj,
ID_4EmNZL,
ID_4EmoWB,
ID_4EoayN,
ID_4Eovmo,
ID_4Eteu7,
ID_4Ewskt,
ID_4Exf3A,
ID_4EyY8P,
ID_4F352x,
ID_4F43ot,
ID_4F4Poy,
ID_4F8DtK,
ID_4FCPyw,
ID_4FCybk,
ID_4FE6P6,
ID_4FEiUD,
ID_4FErBm,
ID_4FHDZm,
ID_4FKdP8,
ID_4FLecK,
ID_4FMTU5,
ID_4FQ6Pk,
ID_4FRejU,
ID_4FSMD4,
ID_4FSnZA,
ID_4FT7fJ,
ID_4FUqjt,
ID_4FVW5k,
ID_4FW5Tr,
ID_4FXkzD,
ID_4FY7FA,
ID_4FZncv,
ID_4Fc2us,
ID_4FcNo2,
ID_4FdMUp,
ID_4Fhbx9,
ID_4FhgPp,
ID_4FhvEF,
ID_4FiE3v,
ID_4FiM6Y,
ID_4Fky4s,
ID_4Fm3LA,
ID_4FmYEA,
ID_4Fmjui,
ID_4Fn6up,
ID_4FnCNE,
ID_4FoHj8,
ID_4FpJrR,
ID_4FsfNq,
ID_4Ftqfi,
ID_4Ftu2u,
ID_4FuHhq,
ID_4G38yH,
ID_4G3DhK,
ID_4G3Mnm,
ID_4G3Yme,
ID_4G5f6y,
ID_4G8vWz,
ID_4GA8tv,
ID_4GBEyC,
ID_4GBQES,
ID_4GBquC,
ID_4GCVC3,
ID_4GCfWd,
ID_4GEviu,
ID_4GH6w3,
ID_4GK9md,
ID_4GMXs3,
ID_4GNHsm,
ID_4GP7os,
ID_4GQvDg,
ID_4GRTXx,
ID_4GSrWj,
ID_4GV5gr,
ID_4GY2Zd,
ID_4GbAL3,
ID_4Ghc3y,
ID_4GkDRz,
ID_4GmJRC,
ID_4Gogku,
ID_4GpJLg,
ID_4GpTe2,
ID_4Gpok9,
ID_4GraWa,
ID_4GsKLH,
ID_4GswGJ,
ID_4GxtU2,
ID_4GyarP,
ID_4Gzykp,
ID_4H2aho,
ID_4H46BH,
ID_4H4xL5,
ID_4H5f7E,
ID_4HASE5,
ID_4HBKDR,
ID_4HBjU9,
ID_4HDgCJ,
ID_4HH75s,
ID_4HHFzA,
ID_4HJJjW,
ID_4HJMee,
ID_4HKhcd,
ID_4HLax7,
ID_4HRNpr,
ID_4HTYg9,
ID_4HTeNZ,
ID_4HWTx8,
ID_4HWYqy,
ID_4HXVZj,
ID_4HYEyR,
ID_4HZ2D2,
ID_4HZhwE,
ID_4HZsY6,
ID_4Haaxf,
ID_4HbHDt,
ID_4HeFHQ,
ID_4HengX,
ID_4HfJqZ,
ID_4HfeLY,
ID_4Hft4C,
ID_4HjkzQ,
ID_4HnFfp,
ID_4HoFb4,
ID_4HoUsf,
ID_4HpUw8,
ID_4Hqp8z,
ID_4HrA9p,
ID_4HsHMv,
ID_4HsWPU,
ID_4HtETK,
ID_4Hw5XL,
ID_4HxngS,
ID_4HyaPK,
ID_4J2irM,
ID_4J495y,
ID_4J558s,
ID_4J55nn,
ID_4J5Nmd,
ID_4J5PYV,
ID_4J8XMG,
ID_4J9FjW,
ID_4JBJP3,
ID_4JBUDg,
ID_4JBf2y,
ID_4JDbUV,
ID_4JFLvG,
ID_4JFfor,
ID_4JH2TD,
ID_4JHK8d,
ID_4JMQDJ,
ID_4JPkuY,
ID_4JQB6L,
ID_4JTFjS,
ID_4JTGCw,
ID_4JTaet,
ID_4JUBTH,
ID_4JUxsP,
ID_4JWwMi,
ID_4JYVPR,
ID_4Jbd8A,
ID_4JbpJ5,
ID_4JcXN7,
ID_4JdRdj,
ID_4Jf4o7,
ID_4JfEEm,
ID_4Jh9EN,
ID_4Jj96N,
ID_4JnJUe,
ID_4JnYWM,
ID_4JpChP,
ID_4JpaJH,
ID_4Jq94U,
ID_4JqcpC,
ID_4Jqwcq,
ID_4JsurC,
ID_4JtpUr,
ID_4Jvhj5,
ID_4JyRwH,
ID_4K3bKM,
ID_4K4HVi,
ID_4K4YpA,
ID_4K5BzS,
ID_4K6KyZ,
ID_4K6k9m,
ID_4K99CR,
ID_4K9Gqy,
ID_4KAZLT,
ID_4KBUro,
ID_4KCME6,
ID_4KDaXn,
ID_4KEXJP,
ID_4KGjix,
ID_4KH896,
ID_4KHnid,
ID_4KJHLL,
ID_4KJRfn,
ID_4KJndV,
ID_4KJqnF,
ID_4KLq7a,
ID_4KNCur,
ID_4KNp3K,
ID_4KPbgK,
ID_4KQmzi,
ID_4KQqFS,
ID_4KQywR,
ID_4KTLHp,
ID_4KTXZ6,
ID_4KVY8Z,
ID_4KWLcA,
ID_4KWqFk,
ID_4KZ7Kh,
ID_4KZA7i,
ID_4KbsQ8,
ID_4KezX2,
ID_4Kf4Wj,
ID_4Kh6J4,
ID_4Kj9xD,
ID_4Kjw4P,
ID_4KkQyo,
ID_4Kkwev,
ID_4KmLYK,
ID_4KmUvb,
ID_4KmdYH,
ID_4KnQkC,
ID_4KniJw,
ID_4Koqnk,
ID_4KpDba,
ID_4KpMcw,
ID_4KsPNJ,
ID_4KsuPp,
ID_4Kutz8,
ID_4KwBbQ,
ID_4KxVG6,
ID_4L8Rdq,
ID_4L8mqP,
ID_4LBLmF,
ID_4LCFkg,
ID_4LCS2L,
ID_4LDAxM,
ID_4LEm3E,
ID_4LGnrV,
ID_4LJecn,
ID_4LJxNr,
ID_4LMDvz,
ID_4LR9eC,
ID_4LSt9m,
ID_4LURoY,
ID_4LUqW8,
ID_4LZFez,
ID_4LZwwS,
ID_4LaVra,
ID_4LaiZS,
ID_4LbFwf,
ID_4Ldwf2,
ID_4Ldx5z,
ID_4LgBqv,
ID_4LgG74,
ID_4LhZV4,
ID_4LiwtK,
ID_4LjBm4,
ID_4Lm9wD,
ID_4LnP7f,
ID_4Lokay,
ID_4LuXhS,
ID_4LwcHM,
ID_4M29EK,
ID_4M3ReN,
ID_4M5hst,
ID_4M63kg,
ID_4M98Ym,
ID_4M9CFk,
ID_4MAbST,
ID_4MAfjm,
ID_4MBELb,
ID_4MBR3r,
ID_4MDFQn,
ID_4MDdCd,
ID_4MGZwo,
ID_4MLJZn,
ID_4MMp3P,
ID_4MNk4H,
ID_4MPHrn,
ID_4MQHCN,
ID_4MQj24,
ID_4MVG2A,
ID_4MVvhy,
ID_4MXSUA,
ID_4MXaTQ,
ID_4MZrPw,
ID_4MaSyr,
ID_4MbBb2,
ID_4MbNqd,
ID_4McmSp,
ID_4Me3MN,
ID_4MeET8,
ID_4Mee5X,
ID_4Mgasi,
ID_4MgxrN,
ID_4MiRnK,
ID_4Mjq3C,
ID_4Mk5Ad,
ID_4MkDX7,
ID_4Mogta,
ID_4MpWcF,
ID_4Mqac8,
ID_4Mr5mW,
ID_4MrYGR,
ID_4Msgte,
ID_4MsyuQ,
ID_4Mts6p,
ID_4MvyKr,
ID_4MwqTi,
ID_4MyWgr,
ID_4Mz6xM,
ID_4N3zU5,
ID_4N4e9v,
ID_4N5WAM,
ID_4N5fnJ,
ID_4N7CJp,
ID_4N7jcc,
ID_4N7syS,
ID_4N88RR,
ID_4NBfyj,
ID_4NGJGg,
ID_4NH6yj,
ID_4NJmQp,
ID_4NPk5x,
ID_4NQTVt,
ID_4NS4RE,
ID_4NU4VC,
ID_4NUACH,
ID_4NUCWx,
ID_4NUKAq,
ID_4NUS9P,
ID_4NVHiq,
ID_4NVxjh,
ID_4NXc8p,
ID_4NaWMt,
ID_4Nd4WS,
ID_4Ne33N,
ID_4NeNy4,
ID_4NeYiW,
ID_4Nf3YP,
ID_4NfAu2,
ID_4NhV7E,
ID_4NjreL,
ID_4Nk22f,
ID_4NkXYt,
ID_4NkbTi,
ID_4NkvnL,
ID_4NmntG,
ID_4NmqX8,
ID_4NnQpm,
ID_4NpfzS,
ID_4Nr87j,
ID_4NrkkF,
ID_4NsH3Z,
ID_4Nunpm,
ID_4NuzCD,
ID_4Nw66j,
ID_4NzH6R,
ID_4P2mLq,
ID_4P3Dry,
ID_4P7jH6,
ID_4P8S4J,
ID_4P9hZt,
ID_4PABAE,
ID_4PAwVg,
ID_4PB7cv,
ID_4PCBXi,
ID_4PCYqK,
ID_4PDWjM,
ID_4PGJVH,
ID_4PGMQs,
ID_4PHWGd,
ID_4PKNia,
ID_4PLmDF,
ID_4PMpxk,
ID_4PNjkK,
ID_4PRdju,
ID_4PSy3X,
ID_4PWKZy,
ID_4PY4be,
ID_4Pbs4Y,
ID_4Pbtqk,
ID_4PcxzW,
ID_4Pcyua,
ID_4PeKiw,
ID_4PeXxm,
ID_4PftvD,
ID_4PgpKX,
ID_4PhU3c,
ID_4PjD3D,
ID_4PnCsR,
ID_4Pq49g,
ID_4PqH9i,
ID_4PrYsa,
ID_4PsrP7,
ID_4PtCwG,
ID_4PtZ47,
ID_4Pu4f9,
ID_4Puj49,
ID_4PvahB,
ID_4PvcZp,
ID_4PxGuQ,
ID_4PxJRx,
ID_4PxgkH,
ID_4PyXuF,
ID_4Pze22,
ID_4Q2JjR,
ID_4Q3HQF,
ID_4Q4Rvi,
ID_4Q5ut4,
ID_4Q96NX,
ID_4QALZd,
ID_4QBC6S,
ID_4QCb2b,
ID_4QCpSM,
ID_4QDChh,
ID_4QE9Nd,
ID_4QFU2x,
ID_4QLcdY,
ID_4QMW5h,
ID_4QMqXm,
ID_4QNEmm,
ID_4QNG6R,
ID_4QNtuQ,
ID_4QPGEG,
ID_4QPSZV,
ID_4QPukQ,
ID_4QQFQC,
ID_4QQW2a,
ID_4QRvku,
ID_4QSCCB,
ID_4QTYGB,
ID_4QTiou,
ID_4QU4Xa,
ID_4QUPn9,
ID_4QWRKN,
ID_4QYRhn,
ID_4QYX83,
ID_4QdQzc,
ID_4Qdq6D,
ID_4QfkWQ,
ID_4Qfxtd,
ID_4QhM8z,
ID_4QiY2F,
ID_4QjCWn,
ID_4QmBam,
ID_4QnNXQ,
ID_4QrnHJ,
ID_4QtBrV,
ID_4QuLrw,
ID_4QufnV,
ID_4QvWe7,
ID_4QwRsj,
ID_4QxBnf,
ID_4QxgYA,
ID_4QySXV,
ID_4QyTJE,
ID_4QzfiQ,
ID_4R249F,
ID_4R2iQi,
ID_4R4PZk,
ID_4R4g9K,
ID_4R6xL2,
ID_4R8V8j,
ID_4R8ZmC,
ID_4R9bST,
ID_4RCpvN,
ID_4RCzzA,
ID_4RD5fw,
ID_4RK6yS,
ID_4RKvP3,
ID_4RMebn,
ID_4RNNGa,
ID_4RQaeE,
ID_4RQzzo,
ID_4RRZ29,
ID_4RRmEv,
ID_4RRmxs,
ID_4RRp9p,
ID_4RRv2d,
ID_4RSJHx,
ID_4RUYJW,
ID_4RVkhT,
ID_4RW6Pj,
ID_4RXFvS,
ID_4RXZb9,
ID_4RXkYk,
ID_4RYawD,
ID_4RYzud,
ID_4RZojA,
ID_4RahR6,
ID_4Rc2sf,
ID_4ReuB7,
ID_4RhoHY,
ID_4RiUDm,
ID_4RiZG3,
ID_4RjjAU,
ID_4RmdvF,
ID_4RoHAJ,
ID_4RoLC9,
ID_4RojpW,
ID_4RrWvX,
ID_4Rrbs4,
ID_4RrcQn,
ID_4Ry4Rq,
ID_4Ryjc4,
ID_4RzHAY,
ID_4S2iFM,
ID_4S3Gy9,
ID_4S4G4c,
ID_4S4ue9,
ID_4S6HvT,
ID_4S7Jfz,
ID_4S7xPt,
ID_4SBUg7,
ID_4SC2dD,
ID_4SDn3N,
ID_4SEQNQ,
ID_4SERdV,
ID_4SFFWv,
ID_4SG5Dx,
ID_4SJPwY,
ID_4SLtqo,
ID_4SMtJ9,
ID_4SPs5q,
ID_4SRWn9,
ID_4SRbdy,
ID_4SRhep,
ID_4SSbu9,
ID_4SSoMW,
ID_4STysx,
ID_4SUPCb,
ID_4SWM6N,
ID_4SXGhB,
ID_4SXb9h,
ID_4SZM3q,
ID_4SZV3v,
ID_4SbGAa,
ID_4SbY3T,
ID_4ScHUP,
ID_4SdAds,
ID_4SdRid,
ID_4ShEpE,
ID_4ShZAZ,
ID_4Si3NQ,
ID_4Sie46,
ID_4Sj4k4,
ID_4SjzGN,
ID_4SkG6X,
ID_4SkN3c,
ID_4Sm7ff,
ID_4SmnGn,
ID_4SmtB2,
ID_4Smvtv,
ID_4SoTK8,
ID_4Soy2y,
ID_4Sp6D8,
ID_4Ssaeh,
ID_4SsygB,
ID_4Sumao,
ID_4SvPJA,
ID_4SvUsG,
ID_4Svv9T,
ID_4Swhbr,
ID_4SxYXB,
ID_4SyU9M,
ID_4SzbuG,
ID_4T3RP5,
ID_4T3myb,
ID_4T473G,
ID_4T5eky,
ID_4T6Ny4,
ID_4T7pFj,
ID_4T86ox,
ID_4T9GAC,
ID_4T9jFE,
ID_4TA25F,
ID_4TBsbp,
ID_4TBxfz,
ID_4TFAza,
ID_4TH92f,
ID_4THvBX,
ID_4TJQro,
ID_4TJRMa,
ID_4TJu3T,
ID_4TMVgR,
ID_4TNa8h,
ID_4TQrsx,
ID_4TRxsu,
ID_4TT5bc,
ID_4TWAzS,
ID_4TXTZ5,
ID_4TXqHG,
ID_4TYkXr,
ID_4TanPS,
ID_4TcM4Z,
ID_4TckRG,
ID_4TcwHp,
ID_4TdbCR,
ID_4TdsNA,
ID_4Tfs3h,
ID_4ThFZr,
ID_4ThnQF,
ID_4TmHJw,
ID_4Tmpxr,
ID_4Tnt4s,
ID_4Tp9xp,
ID_4Tuhpo,
ID_4TvTnP,
ID_4Tw5yQ,
ID_4TwyY7,
ID_4U3kZw,
ID_4U4DAT,
ID_4U73md,
ID_4UBp5P,
ID_4UCPZ5,
ID_4UDHqU,
ID_4UF3JG,
ID_4UFyDs,
ID_4UJrNA,
ID_4ULw3u,
ID_4UMDL5,
ID_4UNEX9,
ID_4UQruy,
ID_4URKwV,
ID_4USRVw,
ID_4UUF4H,
ID_4UUFAk,
ID_4UVCLm,
ID_4UVa4E,
ID_4UXuGv,
ID_4UZ98c,
ID_4UZhiu,
ID_4UbF4N,
ID_4Ubc5J,
ID_4Ufkiq,
ID_4Ug8CL,
ID_4UgjfM,
ID_4Ui4LU,
ID_4UjTCE,
ID_4UkRGm,
ID_4UodN8,
ID_4Upf3N,
ID_4UqHmU,
ID_4Uue2N,
ID_4UvCmM,
ID_4Uvnhr,
ID_4UwBVi,
ID_4UxYuv,
ID_4V3wfB,
ID_4V4GW8,
ID_4V4tWQ,
ID_4V9zVw,
ID_4VCYdj,
ID_4VD65a,
ID_4VGyoH,
ID_4VHLaT,
ID_4VJY8o,
ID_4VJtAk,
ID_4VJtXd,
ID_4VQ2eu,
ID_4VQEHH,
ID_4VRvwk,
ID_4VSCDf,
ID_4VTVzy,
ID_4VUt3G,
ID_4VUuZ4,
ID_4VVF7M,
ID_4VW7GT,
ID_4VX3w3,
ID_4VZZWY,
ID_4VcwFa,
ID_4VdkFh,
ID_4VfSVT,
ID_4Vgbz7,
ID_4VghWm,
ID_4Vj3eo,
ID_4VkJQc,
ID_4Vkhf7,
ID_4VoCdB,
ID_4Vor8M,
ID_4VpErB,
ID_4VrwW9,
ID_4VsUqF,
ID_4VuWpn,
ID_4VvfAm,
ID_4Vxr8t,
ID_4Vxsdg,
ID_4W2CGK,
ID_4W4R2F,
ID_4W4y8C,
ID_4W7KuH,
ID_4W7UmU,
ID_4W86TK,
ID_4W8ZBb,
ID_4W8hWD,
ID_4WAmTQ,
ID_4WCR2n,
ID_4WJkLN,
ID_4WKpgw,
ID_4WMrMz,
ID_4WQaH5,
ID_4WQciU,
ID_4WQuwH,
ID_4WRUNp,
ID_4WUbb3,
ID_4WYnpH,
ID_4WZHWZ,
ID_4WaVFk,
ID_4WagGB,
ID_4WeqYH,
ID_4Wez6q,
ID_4Wh2G6,
ID_4WiAvP,
ID_4Wjjv4,
ID_4WkhzE,
ID_4Wnp4a,
ID_4WoDEU,
ID_4Wp2XH,
ID_4WpDa5,
ID_4Wq2xm,
ID_4Wt9fo,
ID_4WtEYB,
ID_4WtxVn,
ID_4WxmAq,
ID_4WxrSK,
ID_4WyBvL,
ID_4WydXp,
ID_4WzgxW,
ID_4X27WP,
ID_4X2Aer,
ID_4X2Bnt,
ID_4X5aWc,
ID_4X8ycH,
ID_4XGk2A,
ID_4XJH9Z,
ID_4XKDCZ,
ID_4XKuak,
ID_4XLpaj,
ID_4XMtbQ,
ID_4XNWfR,
ID_4XPMui,
ID_4XUeaS,
ID_4XUxjf,
ID_4XWyWV,
ID_4XXDRp,
ID_4Xaewy,
ID_4XaqNt,
ID_4Xg9jh,
ID_4XiGso,
ID_4XmHoe,
ID_4XoBhB,
ID_4XqzJ6,
ID_4XrkB9,
ID_4XskbN,
ID_4XtjwE,
ID_4XvD7V,
ID_4Xy6Kt,
ID_4XyK7U,
ID_4amsHr,
ID_4bGF4C,
ID_4dNJdm,
ID_4fWu9s,
ID_4fpGxR,
ID_4gP78M,
ID_4h55PB,
ID_4jXAqP,
ID_4jbRes,
ID_4kS4sA,
ID_4m3Sm4,
ID_4pR5AX,
ID_4pVoYY,
ID_4prbRK,
ID_4qrobe,
ID_4quMCS,
ID_4rXufW,
ID_4s4DRB,
ID_4sEKTm,
ID_4sbGfX,
ID_4uGVVH,
ID_4wGsB8,
ID_4x3sZT,
ID_4xGQJA,
ID_523oPv,
ID_52C9Fc,
ID_52RTJg,
ID_536e8F,
ID_547UNE,
ID_558j5k,
ID_55JgDp,
ID_568NXF,
ID_59DRVC,
ID_59HcmK,
ID_5ASAz9,
ID_5CUiJs,
ID_5CotvF,
ID_5Jj8uw,
ID_5JqxJd,
ID_5KK9LF,
ID_5KVDH7,
ID_5PWMma,
ID_5Q6yda,
ID_5QtEXt,
ID_5R2Hkw,
ID_5UKFkM,
ID_5Vm3ne,
ID_5W8Aed,
ID_5WYeT8,
ID_5XKHG9,
ID_5Ycb47,
ID_5ZhVK4,
ID_5a5x7K,
ID_5ap8tr,
ID_5cnfai,
ID_5deLWE,
ID_5eN7Sr,
ID_5eyAZs,
ID_5fdhoK,
ID_5gqiWy,
ID_5h7Brq,
ID_5i5QdK,
ID_5iUhTi,
ID_5iW9Sx,
ID_5jXe2U,
ID_5nFrAY,
ID_5npAgd,
ID_5nxCQk,
ID_5o58c8,
ID_5qFikr,
ID_5tE8Zb,
ID_5tEP2g,
ID_5tzSQ3,
ID_5u6iym,
ID_5veJCb,
ID_5wYDYK,
ID_5z4vQY,
ID_62nmjk,
ID_64CNR5,
ID_69KzSS,
ID_6AXhzA,
ID_6CgncA,
ID_6Ddgxj,
ID_6DhHbv,
ID_6FYDNn,
ID_6HAVEu,
ID_6KDE2t,
ID_6M8NtL,
ID_6NjUfh,
ID_6PvE9L,
ID_6QPc5g,
ID_6RFoHK,
ID_6Uzxzh,
ID_6VM85q,
ID_6WFMAY,
ID_6WuVkf,
ID_6X53rj,
ID_6XR44e,
ID_6XWhkp,
ID_6Xk4HH,
ID_6ZQsXN,
ID_6ZS8ej,
ID_6bWRDw,
ID_6bxZ7q,
ID_6cYVdE,
ID_6dZnde,
ID_6eMgox,
ID_6eggjk,
ID_6hCz4v,
ID_6mvy7f,
ID_6n8mGs,
ID_6oFnik,
ID_6oYo2s,
ID_6oywsr,
ID_6p2V5e,
ID_6poEHK,
ID_6rfNce,
ID_6tLZY8,
ID_6uUXgx,
ID_6vorYz,
ID_6w8VKW,
ID_6xzbqS,
ID_6yGNga,
ID_6ydkaa,
ID_7274Uz,
ID_74UNuw,
ID_75NLPz,
ID_75aiHo,
ID_76KsAX,
ID_76VUMc,
ID_76Vs5j,
ID_78kY7X,
ID_78wUuP,
ID_79gXAM,
ID_7CZ87R,
ID_7CrTtY,
ID_7DEAhT,
ID_7EFfLB,
ID_7EZGwL,
ID_7EtFuX,
ID_7KFrQ6,
ID_7NCSFH,
ID_7QPfrV,
ID_7R2mxx,
ID_7T5JK5,
ID_7TWSM8,
ID_7UttwZ,
ID_7VsCF9,
ID_7WQB4t,
ID_7WTs5k,
ID_7YXS43,
ID_7ayeCx,
ID_7czrAg,
ID_7fH8Uj,
ID_7i83Xr,
ID_7ifPNM,
ID_7jGFPv,
ID_7jjBc7,
ID_7mVwcF,
ID_7mm44b,
ID_7mxX9A,
ID_7mybkj,
ID_7osPBR,
ID_7ppKhe,
ID_7qhFQN,
ID_7qjKtX,
ID_7qphpW,
ID_7rnBXc,
ID_7tW28A,
ID_7trx9D,
ID_7u2KoH,
ID_7uawv4,
ID_82j6Cz,
ID_82zk75,
ID_84d6W5,
ID_89aFuP,
ID_8AMutK,
ID_8E4PDu,
ID_8EAZCa,
ID_8EqyPZ,
ID_8HcTuF,
ID_8LJ46m,
ID_8LwzyF,
ID_8MBUt5,
ID_8NtFuR,
ID_8PiHwj,
ID_8Qin5F,
ID_8SvbCM,
ID_8W4B6L,
ID_8W5XFZ,
ID_8ZqUQE,
ID_8aUQ6p,
ID_8cqNzz,
ID_8eWroz,
ID_8gKsSi,
ID_8gRkb7,
ID_8gcRTf,
ID_8h2ovm,
ID_8hVN2q,
ID_8jW758,
ID_8khusp,
ID_8mH5fd,
ID_8mWMuh,
ID_8nzBrd,
ID_8oLtT3,
ID_8oTFi4,
ID_8pX5ge,
ID_8pkuLS,
ID_8rrCJu,
ID_8tvBCD,
ID_8utdSR,
ID_8vGmN4,
ID_8wC54k,
ID_8wCbAi,
ID_8wEqoA,
ID_8wFSWS,
ID_8wyHS8,
ID_8xMXZS,
ID_8xNrGc,
ID_8zgCYe,
ID_926PZA,
ID_92Dfpc,
ID_92RJRv,
ID_94RyBH,
ID_965WSS,
ID_96p2xz,
ID_96qLRg,
ID_98qkZ5,
ID_99M4tq,
ID_9BkGWu,
ID_9DTPHU,
ID_9DUzmG,
ID_9E6zoj,
ID_9EPSnK,
ID_9EyANh,
ID_9Fjugx,
ID_9FrcGp,
ID_9Fz5Cp,
ID_9HrZwM,
ID_9KKrN2,
ID_9Lros9,
ID_9MHGhk,
ID_9QjRjj,
ID_9Rr7ed,
ID_9SmPk6,
ID_9SxvWY,
ID_9WWVyM,
ID_9WYx3A,
ID_9WvbRE,
ID_9XzqKK,
ID_9armjU,
ID_9bNuU6,
ID_9bSw7p,
ID_9bodLY,
ID_9f3PyE,
ID_9gLncZ,
ID_9gRdGV,
ID_9gifsD,
ID_9jJKDt,
ID_9jSmWq,
ID_9ngZFu,
ID_9oCike,
ID_9pA2jn,
ID_9ryMHX,
ID_9tf2AV,
ID_9tg8f9,
ID_9tsrpf,
ID_9uE9MZ,
ID_9uYma6,
ID_9xScFp,
ID_9z9LZF,
ID_9zU2D2,
ID_A4bEKz,
ID_A5dPBi,
ID_A88VvN,
ID_A9WXtq,
ID_A9nc28,
ID_A9uWfy,
ID_AAFM5C,
ID_AApefY,
ID_ABfEBZ,
ID_ACtZ3w,
ID_ADGr8t,
ID_AFH5Bg,
ID_AFV2ZM,
ID_AFfXDd,
ID_AFpT2T,
ID_AGom2s,
ID_AKT95J,
ID_ANK9F7,
ID_APWgNd,
ID_APoPNc,
ID_APrrkA,
ID_ARVUf5,
ID_AWAPQV,
ID_AX2nzo,
ID_AXSBJw,
ID_AZ9TXD,
ID_AZJFKy,
ID_AaWDrB,
ID_Aad7SE,
ID_Ac8Uie,
ID_AcegTy,
ID_Aetod6,
ID_AhCA2B,
ID_AhtckR,
ID_AkA5HD,
ID_AkUFEN,
ID_AmVHzH,
ID_AnLzxq,
ID_AnuCJ9,
ID_AnuTFv,
ID_AoCZf9,
ID_AoQbXK,
ID_Apmmrt,
ID_Ar7X3i,
ID_Asyp8N,
ID_AtWdvb,
ID_AwrLKZ,
ID_Axocmd,
ID_AyDdFe,
ID_Ayjmmt,
ID_B2WNAc,
ID_B4j5Vv,
ID_B57wpR,
ID_B6Tv7H,
ID_B72fpQ,
ID_B9KoHt,
ID_BBW7X8,
ID_BCJrJt,
ID_BDej3F,
ID_BEYkNy,
ID_BEdvTg,
ID_BHdwgJ,
ID_BNuZfq,
ID_BPRNLQ,
ID_BQQsyg,
ID_BWvany,
ID_BbWNb8,
ID_Bbf8ch,
ID_Bd6XHN,
ID_Bdd9QU,
ID_BeNDBS,
ID_BfN74r,
ID_BfQNqs,
ID_Bh4ijE,
ID_BjNXzb,
ID_Bk78xo,
ID_Bmc6SR,
ID_Bnxss3,
ID_BoHV2K,
ID_BoMUeA,
ID_BotS2g,
ID_Bqgk87,
ID_Br8h7e,
ID_BrCb5T,
ID_BrD3cE,
ID_BsrPzY,
ID_BtDkNs,
ID_BtxFhp,
ID_Bui5TD,
ID_BuyBda,
ID_BxZJrq,
ID_C4LEeh,
ID_C754c2,
ID_C78DUq,
ID_C7FPpG,
ID_C974hk,
ID_CGi3BZ,
ID_CL7FQF,
ID_CPW6ek,
ID_CQ5RvR,
ID_CRZPRg,
ID_CS4D4X,
ID_CSc62H,
ID_CUBY3c,
ID_CXpvVy,
ID_CcxLQp,
ID_Cd23j4,
ID_CduTFa,
ID_CgczsX,
ID_CmVYnz,
ID_CmVofB,
ID_CoCmkG,
ID_CrYigS,
ID_Cv3Pbn,
ID_CvRg9Z,
ID_Cwq78j,
ID_D3tatg,
ID_D4PSfX,
ID_D6rJBq,
ID_D76caC,
ID_D8Txco,
ID_D8U7Cq,
ID_D9Beh8,
ID_DFMKgC,
ID_DFVoZD,
ID_DGhMsk,
ID_DKHLTm,
ID_DLU4Qh,
ID_DMaJfj,
ID_DNL2GN,
ID_DSFoTd,
ID_DTDLzC,
ID_DVB6sD,
ID_DWb4nE,
ID_DWzXks,
ID_DaZcuB,
ID_DbNrtA,
ID_DcXVak,
ID_Dd2Gnb,
ID_DdvWCJ,
ID_DgiHKK,
ID_Dh5HFu,
ID_DiJVTu,
ID_DiK44C,
ID_DjdHhN,
ID_DjjgoB,
ID_Dq5xGA,
ID_DrnGTx,
ID_DtXT5h,
ID_DuBAKS,
ID_DuVZuG,
ID_DxFGBK,
ID_Dxwghg,
ID_Dy4qTo,
ID_DzBris,
ID_E5Fdar,
ID_E64Uxc,
ID_E6zafb,
ID_E9CbwR,
ID_E9SThL,
ID_E9uYAJ,
ID_EAJ9xk,
ID_EBVqfE,
ID_ECyAj6,
ID_EGBYi4,
ID_EMUtzf,
ID_ENsqVo,
ID_ERTsUk,
ID_ETBzaN,
ID_EUZmtm,
ID_EVhgnt,
ID_EY5rtK,
ID_EYLLhC,
ID_EYipR8,
ID_EamQhV,
ID_EbAqY2,
ID_EbwBhf,
ID_EdvENJ,
ID_EeJMqp,
ID_Efcjnq,
ID_EffMNK,
ID_EjFUZL,
ID_EkbRym,
ID_EmJzcs,
ID_EmLd2W,
ID_EmVbV2,
ID_EmbiB9,
ID_Eoxabz,
ID_EtrPCV,
ID_Euz2yy,
ID_EvPzre,
ID_ExZ5iH,
ID_EzMzBt,
ID_F2S5GR,
ID_F2f43D,
ID_F3Hvxq,
ID_F3Vh3z,
ID_F4TMkH,
ID_F54ozX,
ID_F6uFuw,
ID_F7wzQt,
ID_F9gwvA,
ID_F9hueD,
ID_FBePBG,
ID_FCqQqh,
ID_FD8nkF,
ID_FEfcAt,
ID_FKoD62,
ID_FKx86o,
ID_FNZ6y3,
ID_FPTwbH,
ID_FRXNLF,
ID_FSBypr,
ID_FUboNP,
ID_FW9hhA,
ID_FWhuRT,
ID_FWkd6V,
ID_FXpoUm,
ID_FZcmD9,
ID_FbtzdU,
ID_FcJ5uT,
ID_Fi2gEQ,
ID_FjM6Zd,
ID_Fk7AVG,
ID_FnVmbV,
ID_FoZSSp,
ID_ForNWx,
ID_FqioGx,
ID_FshCsT,
ID_FsmKSb,
ID_FsubrA,
ID_Fswtzn,
ID_FtQPoe,
ID_Fu3vNV,
ID_FuJhoQ,
ID_Furmb2,
ID_FvJzJJ,
ID_Fvinji,
ID_FxBfmK,
ID_FxU63Z,
ID_FyQEjB,
ID_FzpoBE,
ID_G2N2G7,
ID_G4yVTB,
ID_G53STS,
ID_G6WxQh,
ID_G7mGcG,
ID_GBDDfN,
ID_GBJ5UU,
ID_GDoydG,
ID_GEfSCU,
ID_GF682r,
ID_GFUXco,
ID_GKkx2c,
ID_GLqLeV,
ID_GMdSCK,
ID_GPSfAm,
ID_GPkgG2,
ID_GSjqP6,
ID_GUhcWq,
ID_GXdLE4,
ID_GY4XNr,
ID_GYHAXh,
ID_GZXYpQ,
ID_Gadc7M,
ID_Gaom4e,
ID_GbJVht,
ID_GbVMNe,
ID_GcpVrA,
ID_GdBEPt,
ID_GehrkK,
ID_GenqTz,
ID_GeyFjW,
ID_Gh4rMm,
ID_GjwPAM,
ID_GkGnf8,
ID_GncTwD,
ID_Gp83Zv,
ID_GpKJRL,
ID_GpxVYD,
ID_Gtju8e,
ID_Gvjmtg,
ID_GxQz2W,
ID_GxyHHv,
ID_GyrknP,
ID_GzXay3,
ID_H2FAqC,
ID_H4itC2,
ID_HCRijF,
ID_HCekRM,
ID_HDDLxj,
ID_HDf5qY,
ID_HDixpM,
ID_HEbPFv,
ID_HEjGbR,
ID_HGNuaY,
ID_HGS7dd,
ID_HHhDrE,
ID_HKvXKw,
ID_HLiUL7,
ID_HSEE5k,
ID_HUDgNB,
ID_HVWrDD,
ID_HVaFfs,
ID_HXgDcr,
ID_HYu5YX,
ID_Ha2ZmT,
ID_Ha5e2q,
ID_HbcJ7n,
ID_HcK66S,
ID_Hdy2av,
ID_HemRje,
ID_Hf8q7Q,
ID_HfPjQq,
ID_HgD2qB,
ID_HhghML,
ID_HjyMJS,
ID_Hp5k8J,
ID_Hxbifn,
ID_HyH9Fp,
ID_J2Gk4N,
ID_J3QZCs,
ID_J4dAiy,
ID_J7wsdy,
ID_J8J7AN,
ID_J9HbAj,
ID_JAB47X,
ID_JBGuSX,
ID_JC2ETL,
ID_JDH7LN,
ID_JDWGNa,
ID_JES5VE,
ID_JGeEkZ,
ID_JGjjdv,
ID_JJAtAM,
ID_JMGyR4,
ID_JMgseU,
ID_JPWVkr,
ID_JPtgHh,
ID_JS78Me,
ID_JTHYUn,
ID_JWxyw7,
ID_JX8RDM,
ID_Ja6qh6,
ID_JaCupz,
ID_Jan9kH,
ID_JdFDzf,
ID_JdHj9z,
ID_Je4tJb,
ID_JhpEYs,
ID_JkCiPB,
ID_JmdCC5,
ID_JoJDAy,
ID_JopoKi,
ID_JqvX5W,
ID_JrYthE,
ID_Js2mbL,
ID_JsM7bn,
ID_JsUdki,
ID_JsYzws,
ID_JtZoWN,
ID_Ju6QU6,
ID_JuMM5A,
ID_Jv2hUY,
ID_Jwfx7F,
ID_K2kDym,
ID_K3eZXr,
ID_K3jqGC,
ID_K4GXcT,
ID_K4WiJS,
ID_K4yVFJ,
ID_K5FHuK,
ID_K87Fpy,
ID_K8wQct,
ID_K9HAjP,
ID_KAHENL,
ID_KBZ6xo,
ID_KD8J5U,
ID_KDN7cv,
ID_KEzENP,
ID_KHKVZ7,
ID_KHeDab,
ID_KJxVij,
ID_KKNQus,
ID_KLYqTX,
ID_KLwvdS,
ID_KPCno7,
ID_KPppP5,
ID_KRkR8G,
ID_KU9Nn7,
ID_KUQkzV,
ID_KUtEug,
ID_KVRFoD,
ID_KW2NPx,
ID_KWu7gj,
ID_KXMiE7,
ID_KYcySb,
ID_KaDP8X,
ID_Kb6QTH,
ID_Kc4j3p,
ID_KdUH8g,
ID_KfGYWP,
ID_KhBQib,
ID_KkKUL4,
ID_KkqMuE,
ID_KmbxzV,
ID_KmxWr4,
ID_KoUnv3,
ID_KqQG5U,
ID_KqQZZq,
ID_Krkt8N,
ID_KuLC32,
ID_KvVPpr,
ID_KxCssg,
ID_KxSRJf,
ID_KxYuon,
ID_Kxc96a,
ID_Kxv3VS,
ID_KyCho4,
ID_L2uGsX,
ID_L4tagL,
ID_L6emK4,
ID_L7CFDC,
ID_L83NvN,
ID_LABupF,
ID_LCAs56,
ID_LEbS4e,
ID_LFFYbP,
ID_LJ5PsK,
ID_LKPhUY,
ID_LKaBqY,
ID_LKizFZ,
ID_LKue22,
ID_LNPaGQ,
ID_LNSYpU,
ID_LPJjVn,
ID_LPoLDE,
ID_LRYzjb,
ID_LS4Dym,
ID_LXB6hq,
ID_LXNYkx,
ID_LZTLxo,
ID_La2vfc,
ID_LaMKBq,
ID_LacCvY,
ID_Lanojd,
ID_LbGbLt,
ID_Lc93XN,
ID_LeetZG,
ID_LfnWrZ,
ID_Lg2CnK,
ID_LgqZc3,
ID_Lh5NAX,
ID_Li6Qm5,
ID_LiYDXL,
ID_LjGt4v,
ID_LjTDnN,
ID_LnqYuy,
ID_LpS8Uf,
ID_Lpu8Bq,
ID_Lq2Rb2,
ID_LqxUCG,
ID_Ls8cgP,
ID_LspVp6,
ID_LwMNyX,
ID_LzDJQ7,
ID_M45RHi,
ID_M569wj,
ID_M6f8Y6,
ID_M7GRTS,
ID_M7g8cG,
ID_MCXitm,
ID_MGq7Ro,
ID_MKVbRM,
ID_MKwDF3,
ID_MMNGAL,
ID_MNpRWS,
ID_MPH3mf,
ID_MS3G3V,
ID_MSEAh2,
ID_MSoDG8,
ID_MTDtND,
ID_MUhQMW,
ID_MUyhTn,
ID_MV3bBX,
ID_MWBFiT,
ID_MXtaMs,
ID_MYVFoL,
ID_MYZAAX,
ID_MaGN3c,
ID_Mambpf,
ID_MdQ95S,
ID_MdqqsB,
ID_MgCtTy,
ID_MhJxnE,
ID_MjwVAg,
ID_MnX2fm,
ID_MoGSoX,
ID_MstgjE,
ID_MuNGzF,
ID_MvAttX,
ID_Mw4y9R,
ID_MxnrGx,
ID_N2CD4v,
ID_N4bnVn,
ID_N5GoP7,
ID_N5xczZ,
ID_N7GZke,
ID_N8KmBf,
ID_N8wKgb,
ID_NB8Ucx,
ID_NBzSCY,
ID_NCsczJ,
ID_NE634F,
ID_NFFeNW,
ID_NFbdYT,
ID_NHs6ee,
ID_NMwirk,
ID_NNREKY,
ID_NNduij,
ID_NPtFU4,
ID_NVCkGy,
ID_NWT7S7,
ID_NWjGtb,
ID_NXVp9D,
ID_NabkgX,
ID_NbLwcb,
ID_NbUQ8Y,
ID_NgBNDJ,
ID_Ngi7eo,
ID_NhNAX5,
ID_NhfPwH,
ID_NjX5YC,
ID_NmT9m2,
ID_NmdsiF,
ID_NmgcXs,
ID_Npt3Rq,
ID_NqWnt6,
ID_Ns5z5U,
ID_NsDWUm,
ID_NsNG3x,
ID_NvRV4F,
ID_Nva3zT,
ID_NvjRbd,
ID_NxyiNi,
ID_NyvUg9,
ID_NzTnyM,
ID_P4Z2sk,
ID_PA97XB,
ID_PAj6Xg,
ID_PCHT4k,
ID_PDBefZ,
ID_PDMBxa,
ID_PDTNCm,
ID_PERKc9,
ID_PESxvf,
ID_PFfdHT,
ID_PGrx5b,
ID_PMpn3W,
ID_PSioRB,
ID_PSwuAC,
ID_PTDgEb,
ID_PUGTqu,
ID_PVzaJJ,
ID_PWKYyQ,
ID_PXpekh,
ID_PagRX7,
ID_PdLnvg,
ID_PdV62G,
ID_PfnyXU,
ID_PhFwgW,
ID_PjVKxa,
ID_PjhfZq,
ID_Pm2CXP,
ID_PmSagi,
ID_PnSX2p,
ID_PnaH7o,
ID_Po3m3s,
ID_PrXJyZ,
ID_PttSN8,
ID_PvHosQ,
ID_PvfoxZ,
ID_PwZn2i,
ID_Pwr9cq,
ID_PxdjPW,
ID_Q3La4L,
ID_Q4L9zA,
ID_Q4Ry7u,
ID_Q4av5T,
ID_Q9kwuY,
ID_QBLYJe,
ID_QFrJTC,
ID_QHemTB,
ID_QHiS6S,
ID_QHmA4t,
ID_QJtDP5,
ID_QMZ66L,
ID_QN84aN,
ID_QNKfGG,
ID_QRqEE5,
ID_QS852H,
ID_QS9awi,
ID_QSwcYR,
ID_QUaerV,
ID_QVFNJz,
ID_QVTh2v,
ID_QZSkAZ,
ID_QakYnR,
ID_QdBg4j,
ID_Qe7dUk,
ID_QeNv9P,
ID_QgVEFE,
ID_Qhbsp5,
ID_Qi7Fyp,
ID_QnRFFG,
ID_QnfPdX,
ID_QpnvER,
ID_QrgFqq,
ID_QrvYLN,
ID_QryC7q,
ID_Qt77UW,
ID_Qu9jRx,
ID_Qvcr3T,
ID_Qz3vGj,
ID_QzCMFJ,
ID_QzDuAa,
ID_QzagCv,
ID_R2T5hv,
ID_R3BcfQ,
ID_R3Hj3H,
ID_R5Jkej,
ID_R76ceP,
ID_R8CykY,
ID_R9QnNq,
ID_RDt69M,
ID_REXse6,
ID_RG9F3k,
ID_RGkmt8,
ID_RHea5c,
ID_RJABAY,
ID_RMDxmj,
ID_RMpct9,
ID_RNMyNs,
ID_RP4Z5F,
ID_RPXBG5,
ID_RQ86H8,
ID_RQCbD9,
ID_RRnwic,
ID_RT7xtK,
ID_RTzHbD,
ID_RUCVzx,
ID_RV95jU,
ID_RVosi4,
ID_RX4om3,
ID_RXjAdF,
ID_RbJ258,
ID_RcKxD8,
ID_ReczPb,
ID_RgPYRN,
ID_RgVtVm,
ID_Rhj9CL,
ID_Ri5HxS,
ID_Ri7EQ9,
ID_Rj6KLA,
ID_Rm5z44,
ID_Rn6t7F,
ID_RnLd2q,
ID_RpaDwE,
ID_RrWfTR,
ID_RsWoLA,
ID_RuaRR3,
ID_RvRD2J,
ID_RxxhuR,
ID_Ry8fHX,
ID_RzmRCE,
ID_S2P95K,
ID_S2dDaY,
ID_S35z4e,
ID_S4Rdvo,
ID_S4cQPA,
ID_S5hwhj,
ID_SAYHEa,
ID_SB5TMG,
ID_SC9Zzh,
ID_SCBFPX,
ID_SCBRAA,
ID_SCRmSA,
ID_SCsuiq,
ID_SDSySJ,
ID_SENjTg,
ID_SGMLvv,
ID_SHwJmE,
ID_SJciVh,
ID_SJferF,
ID_SKSc39,
ID_SKyprj,
ID_SLgXo5,
ID_SMc5JR,
ID_SN6Pm8,
ID_SPfkoZ,
ID_SRWUUc,
ID_STGooQ,
ID_SU3GKX,
ID_SWFCFD,
ID_SXT79t,
ID_SXXR5x,
ID_Sad4jF,
ID_SbMi4M,
ID_SeSa7F,
ID_SfCBaz,
ID_SfRJ9J,
ID_ShLgwQ,
ID_ShtSBr,
ID_SjUnc4,
ID_SmHAYL,
ID_SnvCSU,
ID_SoxMmj,
ID_SpX3a2,
ID_SqggGy,
ID_SrMYvL,
ID_SsAqE7,
ID_StvaTp,
ID_Sxdikx,
ID_SxkWzJ,
ID_Sy6CEc,
ID_SypSNQ,
ID_T3Mi7f,
ID_T5G6uu,
ID_T6RAmQ,
ID_T6wykU,
ID_TAZXGd,
ID_TAaTNu,
ID_TBvSgy,
ID_TEFCnJ,
ID_TFozhV,
ID_TG8tcD,
ID_TGij74,
ID_THHkvi,
ID_THWjhn,
ID_TJB6rY,
ID_TJz9ut,
ID_TMk6S4,
ID_TNXKGr,
ID_TRSSE4,
ID_TTTEFZ,
ID_TUEvi4,
ID_TV2irK,
ID_TVyVzT,
ID_TWQrk2,
ID_TXPAw5,
ID_TYTrxM,
ID_TbtEww,
ID_TcCJYv,
ID_TcRS33,
ID_TcVTsa,
ID_TdBn3R,
ID_Tgoxe4,
ID_ThVJtT,
ID_TiVVFc,
ID_TiZJSu,
ID_TiwPb6,
ID_TnfrdJ,
ID_TqKqBM,
ID_TqaHML,
ID_TxfYwB,
ID_TyYQtq,
ID_U5HJRH,
ID_U6ZxfH,
ID_U7mRKL,
ID_U8RAnP,
ID_U9BGs8,
ID_U9fPxw,
ID_UAKK7g,
ID_UAPTCY,
ID_UB3BKj,
ID_UBVgPF,
ID_UCnDUT,
ID_UDczAp,
ID_UDowcw,
ID_UF55X4,
ID_UH49qE,
ID_UMNFAy,
ID_UNX5Ha,
ID_UNbcp8,
ID_UPMJeM,
ID_UPpLQ5,
ID_URaFjC,
ID_URryCB,
ID_USTsdn,
ID_UUQBrX,
ID_UVsENj,
ID_UW24L8,
ID_UWDE5N,
ID_UXoSMd,
ID_UZ3AWZ,
ID_UZeXQa,
ID_UdoJ49,
ID_UfnctW,
ID_UgaNxT,
ID_Uhu3rh,
ID_UmZJuF,
ID_Umunkz,
ID_Un5WZ3,
ID_UpewGH,
ID_UpwZah,
ID_Ur5YSm,
ID_Uryjib,
ID_Us5M3g,
ID_Us9cST,
ID_UtYrPo,
ID_UtoxvN,
ID_Uw7PJT,
ID_UykaTm,
ID_UzWZor,
ID_UzmVoV,
ID_V25cpE,
ID_V2hFuP,
ID_V5KfqX,
ID_V74K9N,
ID_V7SoED,
ID_V8us6a,
ID_V997Vp,
ID_VBSWky,
ID_VDJyxq,
ID_VEDSRc,
ID_VEZcRQ,
ID_VFCNSz,
ID_VJbXd5,
ID_VKniMk,
ID_VLNFkg,
ID_VLyJ8j,
ID_VMkFKL,
ID_VQcTdo,
ID_VRSpYR,
ID_VTVvNG,
ID_VUX26h,
ID_VWH9DQ,
ID_VXHvpG,
ID_Vbsjn4,
ID_Vc3NH3,
ID_VdXYbC,
ID_Vf5BaG,
ID_VfeSFK,
ID_VfehD7,
ID_VgHAid,
ID_VgWinF,
ID_Vit7eJ,
ID_VjYbik,
ID_VmdXRd,
ID_Vo2456,
ID_VoREAk,
ID_Vp8krK,
ID_VuuU8Y,
ID_Vw4U4h,
ID_VyogGm,
ID_Vz43Fr,
ID_VzJ2ie,
ID_VziLvX,
ID_W2X58h,
ID_W6RFrJ,
ID_W6w2Wh,
ID_W6wyYg,
ID_W79NuT,
ID_W7yuwj,
ID_W8JapW,
ID_WAGdpc,
ID_WAU3hL,
ID_WC29RD,
ID_WC94yH,
ID_WECyXW,
ID_WGS7Jy,
ID_WJhHNF,
ID_WNE5k2,
ID_WNvsEb,
ID_WPfXLB,
ID_WTGQP3,
ID_WTZwNN,
ID_WVPq9r,
ID_WaRWmC,
ID_WbhGrc,
ID_WdSqoW,
ID_WdUPZT,
ID_WdWGt2,
ID_Wn2uXF,
ID_Wn9TYt,
ID_WnibEq,
ID_WnsfNi,
ID_Wo7WhX,
ID_WoZt6Q,
ID_WqrRzM,
ID_WrVrrG,
ID_Wtt7Hs,
ID_Ww64ym,
ID_WzC2WJ,
ID_WzZxgg,
ID_X4p4jd,
ID_X4wr8P,
ID_X5Ksxg,
ID_X5LjFF,
ID_X5QSz6,
ID_X6simo,
ID_X8BoDm,
ID_XAdjuW,
ID_XCiwcb,
ID_XFP5DC,
ID_XG6XhS,
ID_XGFEZP,
ID_XGfMsB,
ID_XLgQSR,
ID_XN3Dkm,
ID_XNrhJY,
ID_XRjv4h,
ID_XTFfdv,
ID_XTxyCm,
ID_XXkrjd,
ID_XXvfVN,
ID_XZBuqm,
ID_Xa7T26,
ID_XbHe8D,
ID_XbfAup,
ID_XgznXh,
ID_XhDXJD,
ID_XjQjzd,
ID_XkvmcV,
ID_Xm27eS,
ID_Xm2X83,
ID_XnxA6U,
ID_Xpq7Fm,
ID_XryQVa,
ID_XudgTk,
ID_XuiFrW,
ID_Xv8ge4,
ID_XxL7x2,
ID_Xy9rPc,
ID_XyLyw6,
ID_Xz6Yk8,
ID_XzWKGe,
ID_XzgdYG,
ID_Y3yZ8m,
ID_Y4A8ic,
ID_Y4vRTW,
ID_Y5veb8,
ID_Y7XP2j,
ID_Y7ah3r,
ID_Y7reLt,
ID_YDEr2y,
ID_YDvdRu,
ID_YE6sS2,
ID_YEqnTA,
ID_YF3ETa,
ID_YFGe3S,
ID_YG2rQu,
ID_YHDVSF,
ID_YHz7u7,
ID_YJmTjv,
ID_YMKZac,
ID_YMaMjg,
ID_YPAEbN,
ID_YPPWXS,
ID_YQ8D44,
ID_YQTA4h,
ID_YQzjoC,
ID_YTk7rK,
ID_YXm38u,
ID_YYxLAF,
ID_YZNP9n,
ID_YZoYN2,
ID_Ybg7vv,
ID_YfHsJt,
ID_Yg8Bhw,
ID_YgCkoE,
ID_YhNWUh,
ID_YjrkBf,
ID_YkANuX,
ID_YkQofM,
ID_Ymbeg6,
ID_Yn7tVP,
ID_YnejRm,
ID_Ypihze,
ID_YqfDbF,
ID_YrBHny,
ID_YxsgEY,
ID_Yzw4ut,
ID_Z2rSDD,
ID_Z3ehBN,
ID_Z4MbTp,
ID_Z4SN6u,
ID_Z5QCXc,
ID_Z6Dr8q,
ID_Z7EoFY,
ID_Z7gKac,
ID_Z89dPG,
ID_Z8MaoS,
ID_Z8XDYs,
ID_ZAXUdu,
ID_ZAxMAJ,
ID_ZBqSze,
ID_ZHDXoR,
ID_ZJKe5U,
ID_ZJxZV6,
ID_ZK3cte,
ID_ZKxGS8,
ID_ZLZZWF,
ID_ZMCSNS,
ID_ZPjUMD,
ID_ZSxZF5,
ID_ZXyFMZ,
ID_ZdY62m,
ID_ZiWpYB,
ID_ZniLnf,
ID_ZpXoac,
ID_Zq8StN,
ID_ZqzTKm,
ID_Zr92wA,
ID_ZrLkQQ,
ID_ZrRGfg,
ID_ZrjzTr,
ID_ZsfKGj,
ID_ZvFhvy,
ID_Zy5TKN,
ID_ZyCxS7,
ID_a3p7zM,
ID_a6htMW,
ID_a6juih,
ID_a7LoyZ,
ID_a9NNCX,
ID_aCr7i5,
ID_aDcwZu,
ID_aDyir5,
ID_aEJBjY,
ID_aHddtL,
ID_aJbSsq,
ID_aKJx4x,
ID_aN9D8Z,
ID_aNCWzh,
ID_aPJQ8z,
ID_aReZdd,
ID_aRgATF,
ID_aRsV7M,
ID_aSm2XA,
ID_aWVpSm,
ID_aWoid4,
ID_aY8AYe,
ID_aZE8RQ,
ID_aZEKbF,
ID_aaCnrW,
ID_aaQZ2G,
ID_aawbp9,
ID_ab4M45,
ID_abFhHq,
ID_acLRvr,
ID_adWcTF,
ID_aihSYt,
ID_aj8BJK,
ID_aj8j29,
ID_ajZirM,
ID_ak9AvD,
ID_akTBQP,
ID_akxa7s,
ID_amYcwv,
ID_an2Z49,
ID_aqVSeZ,
ID_aqanuQ,
ID_asGpcp,
ID_asincg,
ID_atDGjg,
ID_auVfzp,
ID_autC4G,
ID_avBeF7,
ID_awhux5,
ID_axAQxv,
ID_b4joiP,
ID_b8ECK3,
ID_b9ngg9,
ID_b9pc97,
ID_bCnzZB,
ID_bEHmhY,
ID_bEpsfg,
ID_bFa96U,
ID_bJUFr3,
ID_bLjP8d,
ID_bN67wx,
ID_bNZNGT,
ID_bPnFbJ,
ID_bPqCKH,
ID_bQLYE3,
ID_bS8Z9Y,
ID_bU8cWc,
ID_bUcXbM,
ID_bVFzKA,
ID_bZRwFD,
ID_bbF5KG,
ID_bbRtGu,
ID_bdUqMb,
ID_bdV6EE,
ID_beypaa,
ID_bf9tBN,
ID_bfcvXX,
ID_bfe6Dr,
ID_bh45Z9,
ID_bmacyK,
ID_bmxL6M,
ID_bn63Ep,
ID_bp3N8g,
ID_bpLcSj,
ID_brGz6u,
ID_bsGSsB,
ID_bsJiJs,
ID_buP8Cb,
ID_bvmE6u,
ID_bvyJxd,
ID_bwPpN9,
ID_bxWeip,
ID_bxdHMu,
ID_bzb4ff,
ID_bzdBEh,
ID_c2Kfjt,
ID_c2iJYC,
ID_c3fn67,
ID_c5rvc4,
ID_c7F4ot,
ID_c7HrQY,
ID_c9v4Ut,
ID_cAVBqj,
ID_cBUDZs,
ID_cBcKQP,
ID_cD4zjt,
ID_cDBvpM,
ID_cGcZEp,
ID_cHrvit,
ID_cJPod9,
ID_cMKuhS,
ID_cNAUsc,
ID_cPz3Fj,
ID_cR6AKY,
ID_cRMiPR,
ID_cTzP8o,
ID_cWt8o6,
ID_cXPBWc,
ID_cXcJDo,
ID_cXnrYW,
ID_cYndfk,
ID_caCfAX,
ID_cdDnzq,
ID_cfmQf2,
ID_cfvDYG,
ID_ciHS4w,
ID_ciN8H3,
ID_cmY4CE,
ID_cmtJed,
ID_cnDykE,
ID_cqqTNt,
ID_cqvCoJ,
ID_cr8q3X,
ID_cr9ayo,
ID_ctUnHr,
ID_cu5DAt,
ID_cuj6ry,
ID_cvcCKr,
ID_d3XBGK,
ID_d3soJR,
ID_d5bxRs,
ID_d7gTNN,
ID_d8Wp3c,
ID_d8reBL,
ID_d96SBc,
ID_dB89Bb,
ID_dGiqW8,
ID_dJGjdh,
ID_dK9rWT,
ID_dLkk84,
ID_dMUo6f,
ID_dNJFgA,
ID_dPbzDj,
ID_dRX5fH,
ID_dT9JFE,
ID_dXaDDU,
ID_daNdgu,
ID_dbeTnC,
ID_dguZvc,
ID_dhKpnX,
ID_diK2H2,
ID_diwGhg,
ID_djBfqe,
ID_djzJHQ,
ID_dm8r4W,
ID_dnS3c7,
ID_dq6XDr,
ID_drB4Ss,
ID_ds3YCa,
ID_dvLd8S,
ID_dwSRx6,
ID_dxPNkg,
ID_dyHGFr,
ID_dyaAxj,
ID_dzw7SN,
ID_dzzKFp,
ID_e3aFhr,
ID_e3cmvX,
ID_e4igvE,
ID_e5EqYU,
ID_e5FazT,
ID_e5tKdu,
ID_eAUD9z,
ID_eCnVxj,
ID_eET3qP,
ID_eFvp9o,
ID_eFxuBv,
ID_eGh9v2,
ID_eKyrxT,
ID_eLUpJB,
ID_eM9RJh,
ID_eMM2WZ,
ID_eNJTgD,
ID_eP3CjG,
ID_ePKy5D,
ID_eRqFg5,
ID_eTU2MH,
ID_eTzL2s,
ID_eVDJXs,
ID_eWtGcv,
ID_eX76Pj,
ID_eY2Avz,
ID_eYicxq,
ID_ebmQpf,
ID_edCfy4,
ID_edW2wE,
ID_eeqdji,
ID_efg9uC,
ID_ej9TAi,
ID_emqDEp,
ID_enZBd3,
ID_eounTA,
ID_ep6ysG,
ID_esiuST,
ID_espRVK,
ID_eu9Wyt,
ID_eukCcb,
ID_ew5PVH,
ID_ex74iW,
ID_exWAEL,
ID_ez9StV,
ID_ezo64n,
ID_f6FXKf,
ID_f9yWQo,
ID_fAk7xw,
ID_fB86Fv,
ID_fCmp2z,
ID_fDhftW,
ID_fEdAHf,
ID_fEwebZ,
ID_fFywwp,
ID_fGUdQM,
ID_fGczJu,
ID_fHpBfp,
ID_fKQJDq,
ID_fLTRDk,
ID_fLgQtJ,
ID_fPozPS,
ID_fRBpbg,
ID_fREYDD,
ID_fRimPF,
ID_fSGpVf,
ID_fTHkoR,
ID_fUnMHY,
ID_fVJt22,
ID_fVnFHD,
ID_fXhDDz,
ID_fYFRFx,
ID_fYSowQ,
ID_fZ48uD,
ID_fdBkni,
ID_fefN3z,
ID_feofhm,
ID_fkMwhq,
ID_fmJpEj,
ID_fmjGZ7,
ID_fnecGx,
ID_fqdJp3,
ID_fwN9Kn,
ID_fwobmo,
ID_fxTGpw,
ID_fyAtCo,
ID_g3TUy7,
ID_g3iLYF,
ID_g4LWUR,
ID_g4PwTC,
ID_g63EZ5,
ID_g7QL7b,
ID_gBpmkJ,
ID_gCV77z,
ID_gD3Taa,
ID_gEXnED,
ID_gEzHof,
ID_gGPcFs,
ID_gGW6J9,
ID_gHuY5c,
ID_gJtLpW,
ID_gL3Jcq,
ID_gMtLFb,
ID_gPdnCS,
ID_gPo8b5,
ID_gRnQwV,
ID_gSrXuo,
ID_gUEnSS,
ID_gUryfH,
ID_gVMZV2,
ID_gVwz99,
ID_gYUKnv,
ID_gYvuE2,
ID_gaiqgL,
ID_gbFHPL,
ID_geRHhE,
ID_giRr3H,
ID_gix9Nt,
ID_gj35Az,
ID_gkdH6z,
ID_gmbE79,
ID_gmdgAG,
ID_gnCwgc,
ID_gp8gdx,
ID_guGidj,
ID_gvX7s6,
ID_gwnBjb,
ID_gzYYvv,
ID_h36biA,
ID_h3CSNt,
ID_h5i7qr,
ID_h6Wkbc,
ID_h7jA6V,
ID_h8RedQ,
ID_h9WCxa,
ID_hAh6kd,
ID_hBZxUA,
ID_hBtjQj,
ID_hBtp6R,
ID_hEyx33,
ID_hF5UZa,
ID_hGRQBE,
ID_hGSzbq,
ID_hGaT78,
ID_hJ4ShA,
ID_hLKvbs,
ID_hN2Dew,
ID_hNkDx3,
ID_hQzYWF,
ID_hTQusa,
ID_hTVu6V,
ID_hTuvso,
ID_hVkvSY,
ID_hVsUKt,
ID_hWz32G,
ID_hXDZe9,
ID_hYJiz8,
ID_hZfSVW,
ID_hcCthZ,
ID_hfXkhm,
ID_hh2cjt,
ID_hiKP3T,
ID_hib4G7,
ID_hmKeQC,
ID_hnrdUs,
ID_hrCFXW,
ID_hrvax5,
ID_hsNE7r,
ID_hus4uV,
ID_hzTgmo,
ID_i4zBky,
ID_i76uwE,
ID_i8Qa4y,
ID_i8n24f,
ID_i9ttdQ,
ID_i9uNPT,
ID_iCPfvD,
ID_iEDGX6,
ID_iESN2t,
ID_iGcSX9,
ID_iHyohu,
ID_iKWQSg,
ID_iKZoAD,
ID_iMLBHS,
ID_iN3mgr,
ID_iN842b,
ID_iNC3UH,
ID_iPA4VW,
ID_iQnKXN,
ID_iRd6qa,
ID_iSXDdC,
ID_iUFJsj,
ID_iX8BbZ,
ID_iYM2SZ,
ID_iZj43w,
ID_iaJTkX,
ID_ian8Uc,
ID_ic4ebq,
ID_ifajHx,
ID_ifmuZC,
ID_igMpHw,
ID_ihSATX,
ID_imJ5of,
ID_imvKeu,
ID_inBXGP,
ID_inskN6,
ID_iriFvE,
ID_isXRkH,
ID_iue9Pw,
ID_iwpUuR,
ID_ix7YLS,
ID_iyfEzL,
ID_iz59cb,
ID_izyuH4,
ID_j22Cah,
ID_j2Zqgt,
ID_j3gJSa,
ID_j4W5FG,
ID_j4eRXJ,
ID_j6ypk4,
ID_j7TsQL,
ID_j8yiNY,
ID_jBAmQz,
ID_jBaAFP,
ID_jD3bE5,
ID_jFDLD8,
ID_jG8VLr,
ID_jGFsBN,
ID_jGZLrT,
ID_jHRSpP,
ID_jJssNE,
ID_jLZyct,
ID_jLbTBr,
ID_jLzJYc,
ID_jPvf79,
ID_jQCuoz,
ID_jYKfi4,
ID_jZUU8m,
ID_jaXfXa,
ID_jbMj3E,
ID_jbN3Fo,
ID_jeppa7,
ID_jgVBuY,
ID_jgc3jk,
ID_jh345F,
ID_jhnXjB,
ID_jicMbx,
ID_jkGsFg,
ID_jkhwei,
ID_jmCZnC,
ID_jnwjMF,
ID_joUixs,
ID_jpSRBX,
ID_jqPHLy,
ID_jqnTDb,
ID_jquQLY,
ID_jqxpR2,
ID_jrgvkc,
ID_jsFZ5S,
ID_jswngv,
ID_jtR4JX,
ID_jui2bv,
ID_juwXc2,
ID_jwKE9o,
ID_jyqrSa,
ID_jz3Yty,
ID_k4GoSL,
ID_k4M8gq,
ID_k4fG6C,
ID_k6QGkF,
ID_k7j4Hw,
ID_k8Jc4g,
ID_k8zRAW,
ID_kBEi7B,
ID_kD6SS5,
ID_kFm95B,
ID_kJoZMZ,
ID_kKM43w,
ID_kM5AYx,
ID_kMfAhM,
ID_kMynMh,
ID_kNAHnv,
ID_kPpCjF,
ID_kUy7pZ,
ID_kWAtT2,
ID_kWXHcH,
ID_kWYi2X,
ID_kWoeKa,
ID_kZCRJH,
ID_kZkL92,
ID_kax3mQ,
ID_kcajxn,
ID_kcjZhV,
ID_kdaoZ4,
ID_khsZHV,
ID_khu6uf,
ID_kiy3Jk,
ID_kku7wb,
ID_kmVncW,
ID_knG6P3,
ID_knKXz8,
ID_kpaVAE,
ID_kqrEMQ,
ID_kvKz3y,
ID_kwpBDb,
ID_kx2fcq,
ID_kx8G4T,
ID_kyAcUf,
ID_m5sPS5,
ID_m63C8P,
ID_m8WKCg,
ID_m9CEKa,
ID_m9Q6NW,
ID_mBXwfy,
ID_mCcSWW,
ID_mE26kj,
ID_mFMoQ8,
ID_mHh5dJ,
ID_mHhSfD,
ID_mJpMVn,
ID_mKTvxo,
ID_mPKKnv,
ID_mQsgu3,
ID_mSX7tn,
ID_mUhH3W,
ID_mW3ntj,
ID_mXWsvC,
ID_maGFcB,
ID_mdhWde,
ID_mgiRvD,
ID_mgtsLy,
ID_miJkCB,
ID_mipo4w,
ID_mjA4T9,
ID_mk3uVJ,
ID_mmXskd,
ID_mordts,
ID_mpEfXf,
ID_mpHuLH,
ID_mqb8bd,
ID_mrAdx6,
ID_mrBkXo,
ID_mrVEk7,
ID_mryYTR,
ID_msDhLm,
ID_msvACQ,
ID_mu89YF,
ID_muhyBQ,
ID_mvqwKA,
ID_mw7wck,
ID_mwQ6x4,
ID_mws7oc,
ID_mxfpjs,
ID_n2SBLj,
ID_n4J4Cm,
ID_n4WqmK,
ID_n5Aa9F,
ID_n6qPAo,
ID_n7RWsN,
ID_n969db,
ID_nAnRXM,
ID_nCYX7v,
ID_nDB7W4,
ID_nEfocu,
ID_nFxbyv,
ID_nG7K2H,
ID_nJkgH6,
ID_nKDf3a,
ID_nKUNWd,
ID_nKVoQ5,
ID_nLSq8n,
ID_nMAiLN,
ID_nMz5UH,
ID_nP2UDK,
ID_nP9wbx,
ID_nPu9G5,
ID_nQQhbo,
ID_nScfSy,
ID_nVx6yS,
ID_nW4Ph3,
ID_nYBTbb,
ID_nbDPn4,
ID_nciTcN,
ID_ncibxo,
ID_new7oQ,
ID_ngn3PY,
ID_njiva9,
ID_nn8XaX,
ID_nnCAyd,
ID_nnCeGa,
ID_nnDzpY,
ID_nond9s,
ID_np9hjo,
ID_npSfcp,
ID_npchkX,
ID_nqRUQc,
ID_nrDPpz,
ID_ns8ZYs,
ID_ns9GtB,
ID_ntLWay,
ID_ntyv9u,
ID_nv8pbv,
ID_nvu6Qo,
ID_nxmmYw,
ID_nyps3J,
ID_o2EkNp,
ID_o37fTA,
ID_o4K2W9,
ID_o5J4sD,
ID_o6xEZ4,
ID_o7fhGp,
ID_o95ZNH,
ID_o9u9nb,
ID_oAkikG,
ID_oEpdQ9,
ID_oGkw4D,
ID_oH5aDX,
ID_oHZFRd,
ID_oJFwja,
ID_oJZmQz,
ID_oJadmq,
ID_oKZTZe,
ID_oLaAbh,
ID_oLpu2V,
ID_oM8nWz,
ID_oMgVUn,
ID_oNV4pn,
ID_oNpYQN,
ID_oQasNh,
ID_oQmFyj,
ID_oRFV5n,
ID_oSiYxx,
ID_oSmzaR,
ID_oTgXJB,
ID_oU4L3J,
ID_oXXxjd,
ID_oafpuS,
ID_oam8Mw,
ID_obWruf,
ID_obwrbA,
ID_of9DbP,
ID_ogvDZt,
ID_ohb8L4,
ID_oi56UW,
ID_ojktwh,
ID_oowaDb,
ID_opXAnF,
ID_oqmdkM,
ID_oqzBmC,
ID_osR3Yq,
ID_otFrLZ,
ID_oukZSE,
ID_ouqosd,
ID_ow9q6r,
ID_ox7MkE,
ID_oxzoXw,
ID_oyLDaY,
ID_oysAcL,
ID_p2jpw4,
ID_p4n6sC,
ID_p7NgwG,
ID_p9dtC5,
ID_pBWqKn,
ID_pDQNd9,
ID_pFh8Ke,
ID_pJ64da,
ID_pJZoLN,
ID_pK5oXh,
ID_pL5qPN,
ID_pPLiqf,
ID_pQTDat,
ID_pQquqy,
ID_pT76u4,
ID_pTFuZ3,
ID_pWgPLk,
ID_pXhfPe,
ID_pYA5Gs,
ID_pYnJfy,
ID_pa5HVA,
ID_pamMRC,
ID_pew8eA,
ID_pf2iwb,
ID_pgRosL,
ID_phA3pG,
ID_pjsaQ2,
ID_pjwhne,
ID_pkWkXP,
ID_pkiDj6,
ID_poW56W,
ID_pp8QRC,
ID_pprrzw,
ID_ps38NC,
ID_ptNYDT,
ID_pthHgK,
ID_ptrkXg,
ID_pxbGKc,
ID_pxryqL,
ID_py4Eai,
ID_pzpv9u,
ID_q3QCrY,
ID_q4P84i,
ID_q7LGDS,
ID_q7zNu3,
ID_q949hQ,
ID_q9Drch,
ID_qB9P74,
ID_qDUoah,
ID_qDX8Sg,
ID_qE4Z3p,
ID_qEZNdx,
ID_qGcLmA,
ID_qHWtsv,
ID_qJ5m98,
ID_qJyZYF,
ID_qLQ5fY,
ID_qMdyiZ,
ID_qNykSZ,
ID_qPj2L4,
ID_qQWGzM,
ID_qRJJpe,
ID_qRLwFt,
ID_qRPUou,
ID_qSncaE,
ID_qTVNgx,
ID_qTYfsG,
ID_qVZvxk,
ID_qY4Q36,
ID_qYpCjK,
ID_qZdLiy,
ID_qa56Wv,
ID_qbYaZ8,
ID_qbdqsa,
ID_qcDZYa,
ID_qcHNB6,
ID_qdvJBy,
ID_qe9ePR,
ID_qg3P57,
ID_qhFhca,
ID_qjHwJ7,
ID_qk9Stw,
ID_qkf98m,
ID_qmjvnJ,
ID_qnpu2o,
ID_qpUKNa,
ID_qqriA5,
ID_qquMen,
ID_qs8Hqf,
ID_qt9HUg,
ID_qupN7K,
ID_qwxKCH,
ID_qxLk59,
ID_qxNq2f,
ID_qxyxPr,
ID_qyNato,
ID_r3HHJ7,
ID_r5gWUB,
ID_r9EVdC,
ID_rByoMU,
ID_rEPeZu,
ID_rHcyuK,
ID_rHebgb,
ID_rHhzYr,
ID_rJpPoi,
ID_rN65X6,
ID_rQhNEE,
ID_rRaHQQ,
ID_rS7j8P,
ID_rTtVhc,
ID_rVHEJG,
ID_rVK6UC,
ID_rVr3xL,
ID_rW7G73,
ID_rWma8h,
ID_ran5BL,
ID_rawc8Y,
ID_rbtjhU,
ID_rcUyYu,
ID_reF9Ec,
ID_rhNYJq,
ID_ri8Nhf,
ID_rkmujv,
ID_rn5Dyj,
ID_rn5Rkj,
ID_rnUqmS,
ID_rogrJR,
ID_rpiVPj,
ID_rs3iWK,
ID_rtDhm3,
ID_ru5JQ5,
ID_rwav3k,
ID_rwuLSq,
ID_rwuNJa,
ID_rxuQPq,
ID_rzPbEX,
ID_s2jw6C,
ID_s3VKMw,
ID_s3sYzW,
ID_s43dc8,
ID_s6k4yc,
ID_s8zbBk,
ID_s9BuvT,
ID_sANZA9,
ID_sBbq3a,
ID_sD2fUg,
ID_sEMVsq,
ID_sFsZan,
ID_sKGk3L,
ID_sLmxLj,
ID_sMFYw6,
ID_sN2XjB,
ID_sN3Xpd,
ID_sTnHxU,
ID_sUdZfg,
ID_sVDseV,
ID_sW76cY,
ID_sX5J2L,
ID_sYvnF5,
ID_sZgWpJ,
ID_saPToh,
ID_sbyFTf,
ID_sdTTya,
ID_seEM4P,
ID_seXZGs,
ID_seeYwC,
ID_sjsx8m,
ID_skRJn4,
ID_sngaaN,
ID_soMbxx,
ID_sozSTY,
ID_spAxfe,
ID_spQS9a,
ID_srfQKt,
ID_suY54P,
ID_sx7Vrj,
ID_sxzEDN,
ID_syZrwz,
ID_syrb46,
ID_t2KAT4,
ID_t2N7qz,
ID_t2Ubgc,
ID_t3BMBm,
ID_t7eor3,
ID_t8RBVW,
ID_t9c99d,
ID_tAiM6k,
ID_tAzuEP,
ID_tBmsHV,
ID_tCAA2m,
ID_tHW2nL,
ID_tLiWua,
ID_tMfpS4,
ID_tNDNf5,
ID_tP46cU,
ID_tP7ydA,
ID_tQHy8h,
ID_tR97T2,
ID_tTUeBs,
ID_tUvRCU,
ID_tWjJ6A,
ID_tX6gqf,
ID_tXhX5G,
ID_tYH6KS,
ID_tYRsEU,
ID_tZU3EK,
ID_tZpH4s,
ID_tbDykq,
ID_ti2ufy,
ID_tiUe2D,
ID_tjSN2U,
ID_tmWZNS,
ID_tmWsZa,
ID_tpkjGo,
ID_tqnVcn,
ID_ttBTL2,
ID_ttMTvt,
ID_ttkp7g,
ID_ttziST,
ID_tvRyov,
ID_twBhPe,
ID_twKoZt,
ID_tyKWEN,
ID_u5678A,
ID_u6zHhT,
ID_u8ZXBW,
ID_u8rwBx,
ID_uEerdC,
ID_uFyE7v,
ID_uHBS7r,
ID_uKsVMc,
ID_uLHsrY,
ID_uP27YD,
ID_uPU9KH,
ID_uRdpCt,
ID_uUoKpH,
ID_uXwhYU,
ID_uZYzYS,
ID_uZey5o,
ID_uck6c9,
ID_udxYv6,
ID_ufKGns,
ID_ufVouw,
ID_uhc8UG,
ID_uhxvRR,
ID_ujfLj6,
ID_unEWG4,
ID_unF2ue,
ID_upTDUq,
ID_upmzjN,
ID_uq4Mni,
ID_urmnct,
ID_usnn2D,
ID_utyHPN,
ID_utyJKn,
ID_uvo5wa,
ID_uvq8eM,
ID_uyKTEX,
ID_v6DzUU,
ID_v7tYsa,
ID_v96vRZ,
ID_v9g3pe,
ID_vABicB,
ID_vCKahk,
ID_vEHmuV,
ID_vGTkLx,
ID_vHFmJT,
ID_vLGkxb,
ID_vLQD8v,
ID_vM3fen,
ID_vMTVcz,
ID_vPGphU,
ID_vPiStf,
ID_vPigiL,
ID_vQK6c3,
ID_vTt22H,
ID_vW3Quj,
ID_vWJqAc,
ID_vZ4gRU,
ID_vaHpnp,
ID_vaK3UQ,
ID_vaSkZJ,
ID_vaZUms,
ID_vb7tXi,
ID_vbjfnn,
ID_vcc3eA,
ID_vcwoyq,
ID_ve6z9Q,
ID_vhBJAn,
ID_vhtHy5,
ID_vsrLeD,
ID_vtFwCV,
ID_vukzhs,
ID_vvEfg4,
ID_vvMRRM,
ID_vwFCHB,
ID_vyT3kD,
ID_vyvioN,
ID_w3R7HF,
ID_w3vuRs,
ID_w56izL,
ID_w7vzEj,
ID_w8CQQx,
ID_w9PFhE,
ID_wDQi6E,
ID_wDRosT,
ID_wFrEZh,
ID_wGU3ME,
ID_wNrcCU,
ID_wSy8ma,
ID_wTTzRP,
ID_wTdKEV,
ID_wTxzLW,
ID_wVqHLS,
ID_wWDmAq,
ID_wXYnYR,
ID_wXr2cp,
ID_wYwLfH,
ID_wZYRpS,
ID_wapbdk,
ID_wbQ2d8,
ID_wc3JMF,
ID_wc9zu4,
ID_weBJS3,
ID_whbB5F,
ID_whtHjm,
ID_wiQHLX,
ID_wjSrjt,
ID_wjbCnb,
ID_wkBnAc,
ID_wnNYBd,
ID_wp2uwj,
ID_wpXnrk,
ID_wpbVLx,
ID_wpo4in,
ID_wrY29t,
ID_wuMb8e,
ID_wuf7XG,
ID_wuf97j,
ID_wvFKui,
ID_ww4m6C,
ID_wxjgmR,
ID_wzYsYW,
ID_wzZRx5,
ID_x25RWA,
ID_x2cwdM,
ID_x58LP3,
ID_x9Jcse,
ID_x9KQGt,
ID_xBVkwJ,
ID_xELQK7,
ID_xGjVgJ,
ID_xKugSa,
ID_xLjzy7,
ID_xNZm8i,
ID_xNpJVF,
ID_xSTLRK,
ID_xSuvTh,
ID_xXmPCy,
ID_xXoXMW,
ID_xbA8hz,
ID_xbn7iv,
ID_xcApqr,
ID_xcG8Ky,
ID_xctoir,
ID_xgCp2r,
ID_xhMU6n,
ID_xiMfFq,
ID_xixZGd,
ID_xmM8RQ,
ID_xma52C,
ID_xojz3P,
ID_xqYmrY,
ID_xrgyAN,
ID_xt4Vxo,
ID_xwxfMR,
ID_xy58Qv,
ID_xyUnAM,
ID_y2DWHT,
ID_y3AriF,
ID_y5AouP,
ID_y6ZQCJ,
ID_y7o2TK,
ID_y88WEx,
ID_yALBkM,
ID_yBTZB2,
ID_yDEMyV,
ID_yEFNc9,
ID_yFPaxw,
ID_yGMhuk,
ID_yHF2y5,
ID_yHQmbi,
ID_yHdXtT,
ID_yJakfY,
ID_yL5bh8,
ID_yLmTmY,
ID_yNwtES,
ID_yPkRc9,
ID_yQD43B,
ID_yQcArU,
ID_yQpV5D,
ID_yVJaYu,
ID_yYLFpY,
ID_yYjgZ4,
ID_yZG3F3,
ID_ybZPQ9,
ID_yd7kad,
ID_ydR5Gk,
ID_yhPqWG,
ID_yiX7D3,
ID_yig78X,
ID_ykKaCs,
ID_ymZq8s,
ID_ynFY6t,
ID_yofrKb,
ID_yqFeKV,
ID_ys8SHJ,
ID_ywMYKc,
ID_yx6yYg,
ID_z3QFe8,
ID_z3mbuF,
ID_z4zYkK,
ID_z5EgJ7,
ID_z63RfG,
ID_z68jUW,
ID_z75Mid,
ID_zA4rkL,
ID_zA7cE6,
ID_zBom9A,
ID_zD4nD9,
ID_zEzWdd,
ID_zFuZ5S,
ID_zHVJHm,
ID_zHgkiX,
ID_zJDBRN,
ID_zKWUrV,
ID_zLS4Lk,
ID_zMXsYn,
ID_zQpCNE,
ID_zR8cdT,
ID_zW4uAt,
ID_zWGXDX,
ID_zYeKnc,
ID_zZYnyA,
ID_zZaeS8,
ID_zbpAQQ,
ID_zcEE2c,
ID_zd8d5b,
ID_zdHg3n,
ID_zdZatZ,
ID_zeaYC2,
ID_zh3st5,
ID_zjtLaM,
ID_zkcPg2,
ID_zodi2C,
ID_zrPaks,
ID_zsj9zX,
ID_ztbpf7,
ID_ztnPBe,
ID_zufSPk,
ID_zuz9yf,
ID_zvrMSX,
ID_zy9Cfv,
ID_zyAFd7,
